iso_code,continent,location,date,total_cases,new_cases,new_cases_smoothed,total_deaths,new_deaths,new_deaths_smoothed,total_cases_per_million,new_cases_per_million,new_cases_smoothed_per_million,total_deaths_per_million,new_deaths_per_million,new_deaths_smoothed_per_million,reproduction_rate,icu_patients,icu_patients_per_million,hosp_patients,hosp_patients_per_million,weekly_icu_admissions,weekly_icu_admissions_per_million,weekly_hosp_admissions,weekly_hosp_admissions_per_million,total_tests,new_tests,total_tests_per_thousand,new_tests_per_thousand,new_tests_smoothed,new_tests_smoothed_per_thousand,positive_rate,tests_per_case,tests_units,total_vaccinations,people_vaccinated,people_fully_vaccinated,total_boosters,new_vaccinations,new_vaccinations_smoothed,total_vaccinations_per_hundred,people_vaccinated_per_hundred,people_fully_vaccinated_per_hundred,total_boosters_per_hundred,new_vaccinations_smoothed_per_million,new_people_vaccinated_smoothed,new_people_vaccinated_smoothed_per_hundred,stringency_index,population_density,median_age,aged_65_older,aged_70_older,gdp_per_capita,extreme_poverty,cardiovasc_death_rate,diabetes_prevalence,female_smokers,male_smokers,handwashing_facilities,hospital_beds_per_thousand,life_expectancy,human_development_index,population,excess_mortality_cumulative_absolute,excess_mortality_cumulative,excess_mortality,excess_mortality_cumulative_per_million,Unnamed: 67
OWID_CYN,Asia,Northern Cyprus,2021-01-14,,,,,,,,,,,,,,,,,,,,,,,,,,,,,,,0.0,,,,,,0.0,,,,,,,,,,,,,,,,,,,,,,382836.0,,,,,
OWID_CYN,Asia,Northern Cyprus,2021-01-15,,,,,,,,,,,,,,,,,,,,,,,,,,,,,,,,,,,,994.0,,,,,2596.0,,,,,,,,,,,,,,,,,,382836.0,,,,,
OWID_CYN,Asia,Northern Cyprus,2021-01-16,,,,,,,,,,,,,,,,,,,,,,,,,,,,,,,,,,,,994.0,,,,,2596.0,,,,,,,,,,,,,,,,,,382836.0,,,,,
OWID_CYN,Asia,Northern Cyprus,2021-01-17,,,,,,,,,,,,,,,,,,,,,,,,,,,,,,,,,,,,994.0,,,,,2596.0,,,,,,,,,,,,,,,,,,382836.0,,,,,
OWID_CYN,Asia,Northern Cyprus,2021-01-18,,,,,,,,,,,,,,,,,,,,,,,,,,,,,,,,,,,,994.0,,,,,2596.0,,,,,,,,,,,,,,,,,,382836.0,,,,,
OWID_CYN,Asia,Northern Cyprus,2021-01-19,,,,,,,,,,,,,,,,,,,,,,,,,,,,,,,4968.0,,,,,994.0,1.3,,,,2596.0,,,,,,,,,,,,,,,,,,382836.0,,,,,
OWID_CYN,Asia,Northern Cyprus,2021-01-20,,,,,,,,,,,,,,,,,,,,,,,,,,,,,,,,,,,,1163.0,,,,,3038.0,,,,,,,,,,,,,,,,,,382836.0,,,,,
OWID_CYN,Asia,Northern Cyprus,2021-01-21,,,,,,,,,,,,,,,,,,,,,,,,,,,,,,,,,,,,1284.0,,,,,3354.0,,,,,,,,,,,,,,,,,,382836.0,,,,,
OWID_CYN,Asia,Northern Cyprus,2021-01-22,,,,,,,,,,,,,,,,,,,,,,,,,,,,,,,11000.0,,,,,1429.0,2.87,,,,3733.0,,,,,,,,,,,,,,,,,,382836.0,,,,,
OWID_CYN,Asia,Northern Cyprus,2021-01-23,,,,,,,,,,,,,,,,,,,,,,,,,,,,,,,,,,,,1488.0,,,,,3887.0,,,,,,,,,,,,,,,,,,382836.0,,,,,
OWID_CYN,Asia,Northern Cyprus,2021-01-24,,,,,,,,,,,,,,,,,,,,,,,,,,,,,,,,,,,,1546.0,,,,,4038.0,,,,,,,,,,,,,,,,,,382836.0,,,,,
OWID_CYN,Asia,Northern Cyprus,2021-01-25,,,,,,,,,,,,,,,,,,,,,,,,,,,,,,,,,,,,1605.0,,,,,4192.0,,,,,,,,,,,,,,,,,,382836.0,,,,,
OWID_CYN,Asia,Northern Cyprus,2021-01-26,,,,,,,,,,,,,,,,,,,,,,,,,,,,,,,,,,,,1663.0,,,,,4344.0,,,,,,,,,,,,,,,,,,382836.0,,,,,
OWID_CYN,Asia,Northern Cyprus,2021-01-27,,,,,,,,,,,,,,,,,,,,,,,,,,,,,,,,,,,,1576.0,,,,,4117.0,,,,,,,,,,,,,,,,,,382836.0,,,,,
OWID_CYN,Asia,Northern Cyprus,2021-01-28,,,,,,,,,,,,,,,,,,,,,,,,,,,,,,,,,,,,1490.0,,,,,3892.0,,,,,,,,,,,,,,,,,,382836.0,,,,,
OWID_CYN,Asia,Northern Cyprus,2021-01-29,,,,,,,,,,,,,,,,,,,,,,,,,,,,,,,,,,,,1403.0,,,,,3665.0,,,,,,,,,,,,,,,,,,382836.0,,,,,
OWID_CYN,Asia,Northern Cyprus,2021-01-30,,,,,,,,,,,,,,,,,,,,,,,,,,,,,,,,,,,,1403.0,,,,,3665.0,,,,,,,,,,,,,,,,,,382836.0,,,,,
OWID_CYN,Asia,Northern Cyprus,2021-01-31,,,,,,,,,,,,,,,,,,,,,,,,,,,,,,,,,,,,1403.0,,,,,3665.0,,,,,,,,,,,,,,,,,,382836.0,,,,,
OWID_CYN,Asia,Northern Cyprus,2021-02-01,,,,,,,,,,,,,,,,,,,,,,,,,,,,,,,,,,,,1403.0,,,,,3665.0,,,,,,,,,,,,,,,,,,382836.0,,,,,
OWID_CYN,Asia,Northern Cyprus,2021-02-02,,,,,,,,,,,,,,,,,,,,,,,,,,,,,,,,,,,,1403.0,,,,,3665.0,,,,,,,,,,,,,,,,,,382836.0,,,,,
OWID_CYN,Asia,Northern Cyprus,2021-02-03,,,,,,,,,,,,,,,,,,,,,,,,,,,,,,,,,,,,1403.0,,,,,3665.0,,,,,,,,,,,,,,,,,,382836.0,,,,,
OWID_CYN,Asia,Northern Cyprus,2021-02-04,,,,,,,,,,,,,,,,,,,,,,,,,,,,,,,,,,,,1403.0,,,,,3665.0,,,,,,,,,,,,,,,,,,382836.0,,,,,
OWID_CYN,Asia,Northern Cyprus,2021-02-05,,,,,,,,,,,,,,,,,,,,,,,,,,,,,,,,,,,,1403.0,,,,,3665.0,,,,,,,,,,,,,,,,,,382836.0,,,,,
OWID_CYN,Asia,Northern Cyprus,2021-02-06,,,,,,,,,,,,,,,,,,,,,,,,,,,,,,,,,,,,1403.0,,,,,3665.0,,,,,,,,,,,,,,,,,,382836.0,,,,,
OWID_CYN,Asia,Northern Cyprus,2021-02-07,,,,,,,,,,,,,,,,,,,,,,,,,,,,,,,,,,,,1403.0,,,,,3665.0,,,,,,,,,,,,,,,,,,382836.0,,,,,
OWID_CYN,Asia,Northern Cyprus,2021-02-08,,,,,,,,,,,,,,,,,,,,,,,,,,,,,,,,,,,,1403.0,,,,,3665.0,,,,,,,,,,,,,,,,,,382836.0,,,,,
OWID_CYN,Asia,Northern Cyprus,2021-02-09,,,,,,,,,,,,,,,,,,,,,,,,,,,,,,,,,,,,1403.0,,,,,3665.0,,,,,,,,,,,,,,,,,,382836.0,,,,,
OWID_CYN,Asia,Northern Cyprus,2021-02-10,,,,,,,,,,,,,,,,,,,,,,,,,,,,,,,,,,,,1403.0,,,,,3665.0,,,,,,,,,,,,,,,,,,382836.0,,,,,
OWID_CYN,Asia,Northern Cyprus,2021-02-11,,,,,,,,,,,,,,,,,,,,,,,,,,,,,,,,,,,,1403.0,,,,,3665.0,,,,,,,,,,,,,,,,,,382836.0,,,,,
OWID_CYN,Asia,Northern Cyprus,2021-02-12,,,,,,,,,,,,,,,,,,,,,,,,,,,,,,,,,,,,1403.0,,,,,3665.0,,,,,,,,,,,,,,,,,,382836.0,,,,,
OWID_CYN,Asia,Northern Cyprus,2021-02-13,,,,,,,,,,,,,,,,,,,,,,,,,,,,,,,,,,,,1403.0,,,,,3665.0,,,,,,,,,,,,,,,,,,382836.0,,,,,
OWID_CYN,Asia,Northern Cyprus,2021-02-14,,,,,,,,,,,,,,,,,,,,,,,,,,,,,,,,,,,,1403.0,,,,,3665.0,,,,,,,,,,,,,,,,,,382836.0,,,,,
OWID_CYN,Asia,Northern Cyprus,2021-02-15,,,,,,,,,,,,,,,,,,,,,,,,,,,,,,,,,,,,1403.0,,,,,3665.0,,,,,,,,,,,,,,,,,,382836.0,,,,,
OWID_CYN,Asia,Northern Cyprus,2021-02-16,,,,,,,,,,,,,,,,,,,,,,,,,,,,,,,,,,,,1403.0,,,,,3665.0,,,,,,,,,,,,,,,,,,382836.0,,,,,
OWID_CYN,Asia,Northern Cyprus,2021-02-17,,,,,,,,,,,,,,,,,,,,,,,,,,,,,,,,,,,,1403.0,,,,,3665.0,,,,,,,,,,,,,,,,,,382836.0,,,,,
OWID_CYN,Asia,Northern Cyprus,2021-02-18,,,,,,,,,,,,,,,,,,,,,,,,,,,,,,,,,,,,1403.0,,,,,3665.0,,,,,,,,,,,,,,,,,,382836.0,,,,,
OWID_CYN,Asia,Northern Cyprus,2021-02-19,,,,,,,,,,,,,,,,,,,,,,,,,,,,,,,,,,,,1403.0,,,,,3665.0,,,,,,,,,,,,,,,,,,382836.0,,,,,
OWID_CYN,Asia,Northern Cyprus,2021-02-20,,,,,,,,,,,,,,,,,,,,,,,,,,,,,,,,,,,,1403.0,,,,,3665.0,,,,,,,,,,,,,,,,,,382836.0,,,,,
OWID_CYN,Asia,Northern Cyprus,2021-02-21,,,,,,,,,,,,,,,,,,,,,,,,,,,,,,,,,,,,1403.0,,,,,3665.0,,,,,,,,,,,,,,,,,,382836.0,,,,,
OWID_CYN,Asia,Northern Cyprus,2021-02-22,,,,,,,,,,,,,,,,,,,,,,,,,,,,,,,,,,,,1403.0,,,,,3665.0,,,,,,,,,,,,,,,,,,382836.0,,,,,
OWID_CYN,Asia,Northern Cyprus,2021-02-23,,,,,,,,,,,,,,,,,,,,,,,,,,,,,,,,,,,,1403.0,,,,,3665.0,,,,,,,,,,,,,,,,,,382836.0,,,,,
OWID_CYN,Asia,Northern Cyprus,2021-02-24,,,,,,,,,,,,,,,,,,,,,,,,,,,,,,,,,,,,1403.0,,,,,3665.0,,,,,,,,,,,,,,,,,,382836.0,,,,,
OWID_CYN,Asia,Northern Cyprus,2021-02-25,,,,,,,,,,,,,,,,,,,,,,,,,,,,,,,,,,,,1403.0,,,,,3665.0,,,,,,,,,,,,,,,,,,382836.0,,,,,
OWID_CYN,Asia,Northern Cyprus,2021-02-26,,,,,,,,,,,,,,,,,,,,,,,,,,,,,,,,,,,,1403.0,,,,,3665.0,,,,,,,,,,,,,,,,,,382836.0,,,,,
OWID_CYN,Asia,Northern Cyprus,2021-02-27,,,,,,,,,,,,,,,,,,,,,,,,,,,,,,,,,,,,1403.0,,,,,3665.0,,,,,,,,,,,,,,,,,,382836.0,,,,,
OWID_CYN,Asia,Northern Cyprus,2021-02-28,,,,,,,,,,,,,,,,,,,,,,,,,,,,,,,,,,,,1403.0,,,,,3665.0,,,,,,,,,,,,,,,,,,382836.0,,,,,
OWID_CYN,Asia,Northern Cyprus,2021-03-01,,,,,,,,,,,,,,,,,,,,,,,,,,,,,,,,,,,,1403.0,,,,,3665.0,,,,,,,,,,,,,,,,,,382836.0,,,,,
OWID_CYN,Asia,Northern Cyprus,2021-03-02,,,,,,,,,,,,,,,,,,,,,,,,,,,,,,,,,,,,1403.0,,,,,3665.0,,,,,,,,,,,,,,,,,,382836.0,,,,,
OWID_CYN,Asia,Northern Cyprus,2021-03-03,,,,,,,,,,,,,,,,,,,,,,,,,,,,,,,,,,,,1403.0,,,,,3665.0,,,,,,,,,,,,,,,,,,382836.0,,,,,
OWID_CYN,Asia,Northern Cyprus,2021-03-04,,,,,,,,,,,,,,,,,,,,,,,,,,,,,,,,,,,,1403.0,,,,,3665.0,,,,,,,,,,,,,,,,,,382836.0,,,,,
OWID_CYN,Asia,Northern Cyprus,2021-03-05,,,,,,,,,,,,,,,,,,,,,,,,,,,,,,,,,,,,1403.0,,,,,3665.0,,,,,,,,,,,,,,,,,,382836.0,,,,,
OWID_CYN,Asia,Northern Cyprus,2021-03-06,,,,,,,,,,,,,,,,,,,,,,,,,,,,,,,,,,,,1403.0,,,,,3665.0,,,,,,,,,,,,,,,,,,382836.0,,,,,
OWID_CYN,Asia,Northern Cyprus,2021-03-07,,,,,,,,,,,,,,,,,,,,,,,,,,,,,,,,,,,,1403.0,,,,,3665.0,,,,,,,,,,,,,,,,,,382836.0,,,,,
OWID_CYN,Asia,Northern Cyprus,2021-03-08,,,,,,,,,,,,,,,,,,,,,,,,,,,,,,,,,,,,1403.0,,,,,3665.0,,,,,,,,,,,,,,,,,,382836.0,,,,,
OWID_CYN,Asia,Northern Cyprus,2021-03-09,,,,,,,,,,,,,,,,,,,,,,,,,,,,,,,,,,,,1403.0,,,,,3665.0,,,,,,,,,,,,,,,,,,382836.0,,,,,
OWID_CYN,Asia,Northern Cyprus,2021-03-10,,,,,,,,,,,,,,,,,,,,,,,,,,,,,,,,,,,,1403.0,,,,,3665.0,,,,,,,,,,,,,,,,,,382836.0,,,,,
OWID_CYN,Asia,Northern Cyprus,2021-03-11,,,,,,,,,,,,,,,,,,,,,,,,,,,,,,,,,,,,1403.0,,,,,3665.0,,,,,,,,,,,,,,,,,,382836.0,,,,,
OWID_CYN,Asia,Northern Cyprus,2021-03-12,,,,,,,,,,,,,,,,,,,,,,,,,,,,,,,,,,,,1403.0,,,,,3665.0,,,,,,,,,,,,,,,,,,382836.0,,,,,
OWID_CYN,Asia,Northern Cyprus,2021-03-13,,,,,,,,,,,,,,,,,,,,,,,,,,,,,,,,,,,,1403.0,,,,,3665.0,,,,,,,,,,,,,,,,,,382836.0,,,,,
OWID_CYN,Asia,Northern Cyprus,2021-03-14,,,,,,,,,,,,,,,,,,,,,,,,,,,,,,,,,,,,1403.0,,,,,3665.0,,,,,,,,,,,,,,,,,,382836.0,,,,,
OWID_CYN,Asia,Northern Cyprus,2021-03-15,,,,,,,,,,,,,,,,,,,,,,,,,,,,,,,,,,,,1403.0,,,,,3665.0,,,,,,,,,,,,,,,,,,382836.0,,,,,
OWID_CYN,Asia,Northern Cyprus,2021-03-16,,,,,,,,,,,,,,,,,,,,,,,,,,,,,,,,,,,,1403.0,,,,,3665.0,,,,,,,,,,,,,,,,,,382836.0,,,,,
OWID_CYN,Asia,Northern Cyprus,2021-03-17,,,,,,,,,,,,,,,,,,,,,,,,,,,,,,,,,,,,1403.0,,,,,3665.0,,,,,,,,,,,,,,,,,,382836.0,,,,,
OWID_CYN,Asia,Northern Cyprus,2021-03-18,,,,,,,,,,,,,,,,,,,,,,,,,,,,,,,,,,,,1403.0,,,,,3665.0,,,,,,,,,,,,,,,,,,382836.0,,,,,
OWID_CYN,Asia,Northern Cyprus,2021-03-19,,,,,,,,,,,,,,,,,,,,,,,,,,,,,,,,,,,,1403.0,,,,,3665.0,,,,,,,,,,,,,,,,,,382836.0,,,,,
OWID_CYN,Asia,Northern Cyprus,2021-03-20,,,,,,,,,,,,,,,,,,,,,,,,,,,,,,,,,,,,1403.0,,,,,3665.0,,,,,,,,,,,,,,,,,,382836.0,,,,,
OWID_CYN,Asia,Northern Cyprus,2021-03-21,,,,,,,,,,,,,,,,,,,,,,,,,,,,,,,,,,,,1403.0,,,,,3665.0,,,,,,,,,,,,,,,,,,382836.0,,,,,
OWID_CYN,Asia,Northern Cyprus,2021-03-22,,,,,,,,,,,,,,,,,,,,,,,,,,,,,,,,,,,,1403.0,,,,,3665.0,,,,,,,,,,,,,,,,,,382836.0,,,,,
OWID_CYN,Asia,Northern Cyprus,2021-03-23,,,,,,,,,,,,,,,,,,,,,,,,,,,,,,,,,,,,1403.0,,,,,3665.0,,,,,,,,,,,,,,,,,,382836.0,,,,,
OWID_CYN,Asia,Northern Cyprus,2021-03-24,,,,,,,,,,,,,,,,,,,,,,,,,,,,,,,,,,,,1403.0,,,,,3665.0,,,,,,,,,,,,,,,,,,382836.0,,,,,
OWID_CYN,Asia,Northern Cyprus,2021-03-25,,,,,,,,,,,,,,,,,,,,,,,,,,,,,,,97969.0,53886.0,44083.0,,,1403.0,25.59,14.08,11.51,,3665.0,,,,,,,,,,,,,,,,,,382836.0,,,,,
OWID_CYN,Asia,Northern Cyprus,2021-03-26,,,,,,,,,,,,,,,,,,,,,,,,,,,,,,,,,,,,1252.0,,,,,3270.0,132.0,0.03,,,,,,,,,,,,,,,,382836.0,,,,,
OWID_CYN,Asia,Northern Cyprus,2021-03-27,,,,,,,,,,,,,,,,,,,,,,,,,,,,,,,,,,,,1102.0,,,,,2879.0,132.0,0.03,,,,,,,,,,,,,,,,382836.0,,,,,
OWID_CYN,Asia,Northern Cyprus,2021-03-28,,,,,,,,,,,,,,,,,,,,,,,,,,,,,,,,,,,,952.0,,,,,2487.0,132.0,0.03,,,,,,,,,,,,,,,,382836.0,,,,,
OWID_CYN,Asia,Northern Cyprus,2021-03-29,,,,,,,,,,,,,,,,,,,,,,,,,,,,,,,,,,,,801.0,,,,,2092.0,132.0,0.03,,,,,,,,,,,,,,,,382836.0,,,,,
OWID_CYN,Asia,Northern Cyprus,2021-03-30,,,,,,,,,,,,,,,,,,,,,,,,,,,,,,,,,,,,651.0,,,,,1700.0,132.0,0.03,,,,,,,,,,,,,,,,382836.0,,,,,
OWID_CYN,Asia,Northern Cyprus,2021-03-31,,,,,,,,,,,,,,,,,,,,,,,,,,,,,,,,,,,,501.0,,,,,1309.0,132.0,0.03,,,,,,,,,,,,,,,,382836.0,,,,,
OWID_CYN,Asia,Northern Cyprus,2021-04-01,,,,,,,,,,,,,,,,,,,,,,,,,,,,,,,,,,,,350.0,,,,,914.0,132.0,0.03,,,,,,,,,,,,,,,,382836.0,,,,,
OWID_CYN,Asia,Northern Cyprus,2021-04-02,,,,,,,,,,,,,,,,,,,,,,,,,,,,,,,,,,,,350.0,,,,,914.0,132.0,0.03,,,,,,,,,,,,,,,,382836.0,,,,,
OWID_CYN,Asia,Northern Cyprus,2021-04-03,,,,,,,,,,,,,,,,,,,,,,,,,,,,,,,,,,,,350.0,,,,,914.0,132.0,0.03,,,,,,,,,,,,,,,,382836.0,,,,,
OWID_CYN,Asia,Northern Cyprus,2021-04-04,,,,,,,,,,,,,,,,,,,,,,,,,,,,,,,,,,,,350.0,,,,,914.0,132.0,0.03,,,,,,,,,,,,,,,,382836.0,,,,,
OWID_CYN,Asia,Northern Cyprus,2021-04-05,,,,,,,,,,,,,,,,,,,,,,,,,,,,,,,,,,,,350.0,,,,,914.0,132.0,0.03,,,,,,,,,,,,,,,,382836.0,,,,,
OWID_CYN,Asia,Northern Cyprus,2021-04-06,,,,,,,,,,,,,,,,,,,,,,,,,,,,,,,,,,,,350.0,,,,,914.0,132.0,0.03,,,,,,,,,,,,,,,,382836.0,,,,,
OWID_CYN,Asia,Northern Cyprus,2021-04-07,,,,,,,,,,,,,,,,,,,,,,,,,,,,,,,,,,,,350.0,,,,,914.0,132.0,0.03,,,,,,,,,,,,,,,,382836.0,,,,,
OWID_CYN,Asia,Northern Cyprus,2021-04-08,,,,,,,,,,,,,,,,,,,,,,,,,,,,,,,,,,,,350.0,,,,,914.0,132.0,0.03,,,,,,,,,,,,,,,,382836.0,,,,,
OWID_CYN,Asia,Northern Cyprus,2021-04-09,,,,,,,,,,,,,,,,,,,,,,,,,,,,,,,,,,,,350.0,,,,,914.0,132.0,0.03,,,,,,,,,,,,,,,,382836.0,,,,,
OWID_CYN,Asia,Northern Cyprus,2021-04-10,,,,,,,,,,,,,,,,,,,,,,,,,,,,,,,,,,,,350.0,,,,,914.0,132.0,0.03,,,,,,,,,,,,,,,,382836.0,,,,,
OWID_CYN,Asia,Northern Cyprus,2021-04-11,,,,,,,,,,,,,,,,,,,,,,,,,,,,,,,,,,,,350.0,,,,,914.0,132.0,0.03,,,,,,,,,,,,,,,,382836.0,,,,,
OWID_CYN,Asia,Northern Cyprus,2021-04-12,,,,,,,,,,,,,,,,,,,,,,,,,,,,,,,,,,,,350.0,,,,,914.0,132.0,0.03,,,,,,,,,,,,,,,,382836.0,,,,,
OWID_CYN,Asia,Northern Cyprus,2021-04-13,,,,,,,,,,,,,,,,,,,,,,,,,,,,,,,,,,,,350.0,,,,,914.0,132.0,0.03,,,,,,,,,,,,,,,,382836.0,,,,,
OWID_CYN,Asia,Northern Cyprus,2021-04-14,,,,,,,,,,,,,,,,,,,,,,,,,,,,,,,104978.0,56516.0,48462.0,,,350.0,27.42,14.76,12.66,,914.0,132.0,0.03,,,,,,,,,,,,,,,,382836.0,,,,,
OWID_CYN,Asia,Northern Cyprus,2021-04-15,,,,,,,,,,,,,,,,,,,,,,,,,,,,,,,,,,,,369.0,,,,,964.0,178.0,0.05,,,,,,,,,,,,,,,,382836.0,,,,,
OWID_CYN,Asia,Northern Cyprus,2021-04-16,,,,,,,,,,,,,,,,,,,,,,,,,,,,,,,,,,,,387.0,,,,,1011.0,225.0,0.06,,,,,,,,,,,,,,,,382836.0,,,,,
OWID_CYN,Asia,Northern Cyprus,2021-04-17,,,,,,,,,,,,,,,,,,,,,,,,,,,,,,,,,,,,405.0,,,,,1058.0,272.0,0.07,,,,,,,,,,,,,,,,382836.0,,,,,
OWID_CYN,Asia,Northern Cyprus,2021-04-18,,,,,,,,,,,,,,,,,,,,,,,,,,,,,,,,,,,,423.0,,,,,1105.0,319.0,0.08,,,,,,,,,,,,,,,,382836.0,,,,,
OWID_CYN,Asia,Northern Cyprus,2021-04-19,,,,,,,,,,,,,,,,,,,,,,,,,,,,,,,107365.0,58812.0,48553.0,,,441.0,28.04,15.36,12.68,,1152.0,366.0,0.1,,,,,,,,,,,,,,,,382836.0,,,,,
OWID_CYN,Asia,Northern Cyprus,2021-04-20,,,,,,,,,,,,,,,,,,,,,,,,,,,,,,,,,,,,467.0,,,,,1220.0,412.0,0.11,,,,,,,,,,,,,,,,382836.0,,,,,
OWID_CYN,Asia,Northern Cyprus,2021-04-21,,,,,,,,,,,,,,,,,,,,,,,,,,,,,,,,,,,,493.0,,,,,1288.0,459.0,0.12,,,,,,,,,,,,,,,,382836.0,,,,,
OWID_CYN,Asia,Northern Cyprus,2021-04-22,,,,,,,,,,,,,,,,,,,,,,,,,,,,,,,,,,,,500.0,,,,,1306.0,458.0,0.12,,,,,,,,,,,,,,,,382836.0,,,,,
OWID_CYN,Asia,Northern Cyprus,2021-04-23,,,,,,,,,,,,,,,,,,,,,,,,,,,,,,,109490.0,60642.0,48848.0,,,508.0,28.6,15.84,12.76,,1327.0,458.0,0.12,,,,,,,,,,,,,,,,382836.0,,,,,
OWID_CYN,Asia,Northern Cyprus,2021-04-24,,,,,,,,,,,,,,,,,,,,,,,,,,,,,,,,,,,,558.0,,,,,1458.0,492.0,0.13,,,,,,,,,,,,,,,,382836.0,,,,,
OWID_CYN,Asia,Northern Cyprus,2021-04-25,,,,,,,,,,,,,,,,,,,,,,,,,,,,,,,,,,,,607.0,,,,,1586.0,526.0,0.14,,,,,,,,,,,,,,,,382836.0,,,,,
OWID_CYN,Asia,Northern Cyprus,2021-04-26,,,,,,,,,,,,,,,,,,,,,,,,,,,,,,,,,,,,656.0,,,,,1714.0,560.0,0.15,,,,,,,,,,,,,,,,382836.0,,,,,
OWID_CYN,Asia,Northern Cyprus,2021-04-27,,,,,,,,,,,,,,,,,,,,,,,,,,,,,,,,,,,,698.0,,,,,1823.0,594.0,0.16,,,,,,,,,,,,,,,,382836.0,,,,,
OWID_CYN,Asia,Northern Cyprus,2021-04-28,,,,,,,,,,,,,,,,,,,,,,,,,,,,,,,,,,,,740.0,,,,,1933.0,628.0,0.16,,,,,,,,,,,,,,,,382836.0,,,,,
OWID_CYN,Asia,Northern Cyprus,2021-04-29,,,,,,,,,,,,,,,,,,,,,,,,,,,,,,,,,,,,782.0,,,,,2043.0,662.0,0.17,,,,,,,,,,,,,,,,382836.0,,,,,
OWID_CYN,Asia,Northern Cyprus,2021-04-30,,,,,,,,,,,,,,,,,,,,,,,,,,,,,,,,,,,,823.0,,,,,2150.0,696.0,0.18,,,,,,,,,,,,,,,,382836.0,,,,,
OWID_CYN,Asia,Northern Cyprus,2021-05-01,,,,,,,,,,,,,,,,,,,,,,,,,,,,,,,,,,,,823.0,,,,,2150.0,696.0,0.18,,,,,,,,,,,,,,,,382836.0,,,,,
OWID_CYN,Asia,Northern Cyprus,2021-05-02,,,,,,,,,,,,,,,,,,,,,,,,,,,,,,,,,,,,823.0,,,,,2150.0,696.0,0.18,,,,,,,,,,,,,,,,382836.0,,,,,
OWID_CYN,Asia,Northern Cyprus,2021-05-03,,,,,,,,,,,,,,,,,,,,,,,,,,,,,,,,,,,,823.0,,,,,2150.0,696.0,0.18,,,,,,,,,,,,,,,,382836.0,,,,,
OWID_CYN,Asia,Northern Cyprus,2021-05-04,,,,,,,,,,,,,,,,,,,,,,,,,,,,,,,,,,,,823.0,,,,,2150.0,696.0,0.18,,,,,,,,,,,,,,,,382836.0,,,,,
OWID_CYN,Asia,Northern Cyprus,2021-05-05,,,,,,,,,,,,,,,,,,,,,,,,,,,,,,,,,,,,823.0,,,,,2150.0,696.0,0.18,,,,,,,,,,,,,,,,382836.0,,,,,
OWID_CYN,Asia,Northern Cyprus,2021-05-06,,,,,,,,,,,,,,,,,,,,,,,,,,,,,,,,,,,,823.0,,,,,2150.0,696.0,0.18,,,,,,,,,,,,,,,,382836.0,,,,,
OWID_CYN,Asia,Northern Cyprus,2021-05-07,,,,,,,,,,,,,,,,,,,,,,,,,,,,,,,,,,,,823.0,,,,,2150.0,696.0,0.18,,,,,,,,,,,,,,,,382836.0,,,,,
OWID_CYN,Asia,Northern Cyprus,2021-05-08,,,,,,,,,,,,,,,,,,,,,,,,,,,,,,,121841.0,71081.0,50760.0,,,823.0,31.83,18.57,13.26,,2150.0,696.0,0.18,,,,,,,,,,,,,,,,382836.0,,,,,
OWID_CYN,Asia,Northern Cyprus,2021-05-09,,,,,,,,,,,,,,,,,,,,,,,,,,,,,,,,,,,,760.0,,,,,1985.0,643.0,0.17,,,,,,,,,,,,,,,,382836.0,,,,,
OWID_CYN,Asia,Northern Cyprus,2021-05-10,,,,,,,,,,,,,,,,,,,,,,,,,,,,,,,122598.0,71737.0,50861.0,,,696.0,32.02,18.74,13.29,,1818.0,591.0,0.15,,,,,,,,,,,,,,,,382836.0,,,,,
OWID_CYN,Asia,Northern Cyprus,2021-05-11,,,,,,,,,,,,,,,,,,,,,,,,,,,,,,,123791.0,72644.0,51147.0,,1193.0,749.0,32.34,18.98,13.36,,1956.0,621.0,0.16,,,,,,,,,,,,,,,,382836.0,,,,,
OWID_CYN,Asia,Northern Cyprus,2021-05-12,,,,,,,,,,,,,,,,,,,,,,,,,,,,,,,,,,,,643.0,,,,,1680.0,528.0,0.14,,,,,,,,,,,,,,,,382836.0,,,,,
OWID_CYN,Asia,Northern Cyprus,2021-05-13,,,,,,,,,,,,,,,,,,,,,,,,,,,,,,,,,,,,536.0,,,,,1400.0,435.0,0.11,,,,,,,,,,,,,,,,382836.0,,,,,
OWID_CYN,Asia,Northern Cyprus,2021-05-14,,,,,,,,,,,,,,,,,,,,,,,,,,,,,,,124024.0,72783.0,51241.0,,,429.0,32.4,19.01,13.38,,1121.0,343.0,0.09,,,,,,,,,,,,,,,,382836.0,,,,,
OWID_CYN,Asia,Northern Cyprus,2021-05-15,,,,,,,,,,,,,,,,,,,,,,,,,,,,,,,,,,,,347.0,,,,,906.0,271.0,0.07,,,,,,,,,,,,,,,,382836.0,,,,,
OWID_CYN,Asia,Northern Cyprus,2021-05-16,,,,,,,,,,,,,,,,,,,,,,,,,,,,,,,,,,,,327.0,,,,,854.0,252.0,0.07,,,,,,,,,,,,,,,,382836.0,,,,,
OWID_CYN,Asia,Northern Cyprus,2021-05-17,,,,,,,,,,,,,,,,,,,,,,,,,,,,,,,124752.0,73365.0,51387.0,,,308.0,32.59,19.16,13.42,,805.0,233.0,0.06,,,,,,,,,,,,,,,,382836.0,,,,,
OWID_CYN,Asia,Northern Cyprus,2021-05-18,,,,,,,,,,,,,,,,,,,,,,,,,,,,,,,,,,,,173.0,,,,,452.0,135.0,0.04,,,,,,,,,,,,,,,,382836.0,,,,,
OWID_CYN,Asia,Northern Cyprus,2021-05-19,,,,,,,,,,,,,,,,,,,,,,,,,,,,,,,125248.0,73814.0,51434.0,,,197.0,32.72,19.28,13.43,,515.0,161.0,0.04,,,,,,,,,,,,,,,,382836.0,,,,,
OWID_CYN,Asia,Northern Cyprus,2021-05-20,,,,,,,,,,,,,,,,,,,,,,,,,,,,,,,,,,,,254.0,,,,,663.0,187.0,0.05,,,,,,,,,,,,,,,,382836.0,,,,,
OWID_CYN,Asia,Northern Cyprus,2021-05-21,,,,,,,,,,,,,,,,,,,,,,,,,,,,,,,,,,,,310.0,,,,,810.0,213.0,0.06,,,,,,,,,,,,,,,,382836.0,,,,,
OWID_CYN,Asia,Northern Cyprus,2021-05-22,,,,,,,,,,,,,,,,,,,,,,,,,,,,,,,126668.0,74507.0,52161.0,,,343.0,33.09,19.46,13.62,,896.0,219.0,0.06,,,,,,,,,,,,,,,,382836.0,,,,,
OWID_CYN,Asia,Northern Cyprus,2021-05-23,,,,,,,,,,,,,,,,,,,,,,,,,,,,,,,,,,,,319.0,,,,,833.0,193.0,0.05,,,,,,,,,,,,,,,,382836.0,,,,,
OWID_CYN,Asia,Northern Cyprus,2021-05-24,,,,,,,,,,,,,,,,,,,,,,,,,,,,,,,126813.0,74533.0,52280.0,,,294.0,33.12,19.47,13.66,,768.0,167.0,0.04,,,,,,,,,,,,,,,,382836.0,,,,,
OWID_CYN,Asia,Northern Cyprus,2021-05-25,,,,,,,,,,,,,,,,,,,,,,,,,,,,,,,127608.0,74703.0,52905.0,,795.0,373.0,33.33,19.51,13.82,,974.0,159.0,0.04,,,,,,,,,,,,,,,,382836.0,,,,,
OWID_CYN,Asia,Northern Cyprus,2021-05-26,,,,,,,,,,,,,,,,,,,,,,,,,,,,,,,,,,,,490.0,,,,,1280.0,181.0,0.05,,,,,,,,,,,,,,,,382836.0,,,,,
OWID_CYN,Asia,Northern Cyprus,2021-05-27,,,,,,,,,,,,,,,,,,,,,,,,,,,,,,,129743.0,75463.0,54280.0,,,575.0,33.89,19.71,14.18,,1502.0,203.0,0.05,,,,,,,,,,,,,,,,382836.0,,,,,
OWID_CYN,Asia,Northern Cyprus,2021-05-28,,,,,,,,,,,,,,,,,,,,,,,,,,,,,,,,,,,,807.0,,,,,2108.0,324.0,0.08,,,,,,,,,,,,,,,,382836.0,,,,,
OWID_CYN,Asia,Northern Cyprus,2021-05-29,,,,,,,,,,,,,,,,,,,,,,,,,,,,,,,,,,,,1039.0,,,,,2714.0,445.0,0.12,,,,,,,,,,,,,,,,382836.0,,,,,
OWID_CYN,Asia,Northern Cyprus,2021-05-30,,,,,,,,,,,,,,,,,,,,,,,,,,,,,,,,,,,,1328.0,,,,,3469.0,597.0,0.16,,,,,,,,,,,,,,,,382836.0,,,,,
OWID_CYN,Asia,Northern Cyprus,2021-05-31,,,,,,,,,,,,,,,,,,,,,,,,,,,,,,,,,,,,1617.0,,,,,4224.0,750.0,0.2,,,,,,,,,,,,,,,,382836.0,,,,,
OWID_CYN,Asia,Northern Cyprus,2021-06-01,,,,,,,,,,,,,,,,,,,,,,,,,,,,,,,,,,,,1804.0,,,,,4712.0,880.0,0.23,,,,,,,,,,,,,,,,382836.0,,,,,
OWID_CYN,Asia,Northern Cyprus,2021-06-02,,,,,,,,,,,,,,,,,,,,,,,,,,,,,,,,,,,,1951.0,,,,,5096.0,979.0,0.26,,,,,,,,,,,,,,,,382836.0,,,,,
OWID_CYN,Asia,Northern Cyprus,2021-06-03,,,,,,,,,,,,,,,,,,,,,,,,,,,,,,,,,,,,2098.0,,,,,5480.0,1079.0,0.28,,,,,,,,,,,,,,,,382836.0,,,,,
OWID_CYN,Asia,Northern Cyprus,2021-06-04,,,,,,,,,,,,,,,,,,,,,,,,,,,,,,,,,,,,2098.0,,,,,5480.0,1079.0,0.28,,,,,,,,,,,,,,,,382836.0,,,,,
OWID_CYN,Asia,Northern Cyprus,2021-06-05,,,,,,,,,,,,,,,,,,,,,,,,,,,,,,,,,,,,2098.0,,,,,5480.0,1079.0,0.28,,,,,,,,,,,,,,,,382836.0,,,,,
OWID_CYN,Asia,Northern Cyprus,2021-06-06,,,,,,,,,,,,,,,,,,,,,,,,,,,,,,,,,,,,2098.0,,,,,5480.0,1079.0,0.28,,,,,,,,,,,,,,,,382836.0,,,,,
OWID_CYN,Asia,Northern Cyprus,2021-06-07,,,,,,,,,,,,,,,,,,,,,,,,,,,,,,,,,,,,2098.0,,,,,5480.0,1079.0,0.28,,,,,,,,,,,,,,,,382836.0,,,,,
OWID_CYN,Asia,Northern Cyprus,2021-06-08,,,,,,,,,,,,,,,,,,,,,,,,,,,,,,,,,,,,2098.0,,,,,5480.0,1079.0,0.28,,,,,,,,,,,,,,,,382836.0,,,,,
OWID_CYN,Asia,Northern Cyprus,2021-06-09,,,,,,,,,,,,,,,,,,,,,,,,,,,,,,,,,,,,2098.0,,,,,5480.0,1079.0,0.28,,,,,,,,,,,,,,,,382836.0,,,,,
OWID_CYN,Asia,Northern Cyprus,2021-06-10,,,,,,,,,,,,,,,,,,,,,,,,,,,,,,,,,,,,2098.0,,,,,5480.0,1079.0,0.28,,,,,,,,,,,,,,,,382836.0,,,,,
OWID_CYN,Asia,Northern Cyprus,2021-06-11,,,,,,,,,,,,,,,,,,,,,,,,,,,,,,,,,,,,2098.0,,,,,5480.0,1079.0,0.28,,,,,,,,,,,,,,,,382836.0,,,,,
OWID_CYN,Asia,Northern Cyprus,2021-06-12,,,,,,,,,,,,,,,,,,,,,,,,,,,,,,,,,,,,2098.0,,,,,5480.0,1079.0,0.28,,,,,,,,,,,,,,,,382836.0,,,,,
OWID_CYN,Asia,Northern Cyprus,2021-06-13,,,,,,,,,,,,,,,,,,,,,,,,,,,,,,,,,,,,2098.0,,,,,5480.0,1079.0,0.28,,,,,,,,,,,,,,,,382836.0,,,,,
OWID_CYN,Asia,Northern Cyprus,2021-06-14,,,,,,,,,,,,,,,,,,,,,,,,,,,,,,,,,,,,2098.0,,,,,5480.0,1079.0,0.28,,,,,,,,,,,,,,,,382836.0,,,,,
OWID_CYN,Asia,Northern Cyprus,2021-06-15,,,,,,,,,,,,,,,,,,,,,,,,,,,,,,,,,,,,2098.0,,,,,5480.0,1079.0,0.28,,,,,,,,,,,,,,,,382836.0,,,,,
OWID_CYN,Asia,Northern Cyprus,2021-06-16,,,,,,,,,,,,,,,,,,,,,,,,,,,,,,,,,,,,2098.0,,,,,5480.0,1079.0,0.28,,,,,,,,,,,,,,,,382836.0,,,,,
OWID_CYN,Asia,Northern Cyprus,2021-06-17,,,,,,,,,,,,,,,,,,,,,,,,,,,,,,,,,,,,2098.0,,,,,5480.0,1079.0,0.28,,,,,,,,,,,,,,,,382836.0,,,,,
OWID_CYN,Asia,Northern Cyprus,2021-06-18,,,,,,,,,,,,,,,,,,,,,,,,,,,,,,,,,,,,2098.0,,,,,5480.0,1079.0,0.28,,,,,,,,,,,,,,,,382836.0,,,,,
OWID_CYN,Asia,Northern Cyprus,2021-06-19,,,,,,,,,,,,,,,,,,,,,,,,,,,,,,,,,,,,2098.0,,,,,5480.0,1079.0,0.28,,,,,,,,,,,,,,,,382836.0,,,,,
OWID_CYN,Asia,Northern Cyprus,2021-06-20,,,,,,,,,,,,,,,,,,,,,,,,,,,,,,,,,,,,2098.0,,,,,5480.0,1079.0,0.28,,,,,,,,,,,,,,,,382836.0,,,,,
OWID_CYN,Asia,Northern Cyprus,2021-06-21,,,,,,,,,,,,,,,,,,,,,,,,,,,,,,,,,,,,2098.0,,,,,5480.0,1079.0,0.28,,,,,,,,,,,,,,,,382836.0,,,,,
OWID_CYN,Asia,Northern Cyprus,2021-06-22,,,,,,,,,,,,,,,,,,,,,,,,,,,,,,,,,,,,2098.0,,,,,5480.0,1079.0,0.28,,,,,,,,,,,,,,,,382836.0,,,,,
OWID_CYN,Asia,Northern Cyprus,2021-06-23,,,,,,,,,,,,,,,,,,,,,,,,,,,,,,,,,,,,2098.0,,,,,5480.0,1079.0,0.28,,,,,,,,,,,,,,,,382836.0,,,,,
OWID_CYN,Asia,Northern Cyprus,2021-06-24,,,,,,,,,,,,,,,,,,,,,,,,,,,,,,,,,,,,2098.0,,,,,5480.0,1079.0,0.28,,,,,,,,,,,,,,,,382836.0,,,,,
OWID_CYN,Asia,Northern Cyprus,2021-06-25,,,,,,,,,,,,,,,,,,,,,,,,,,,,,,,,,,,,2098.0,,,,,5480.0,1079.0,0.28,,,,,,,,,,,,,,,,382836.0,,,,,
OWID_CYN,Asia,Northern Cyprus,2021-06-26,,,,,,,,,,,,,,,,,,,,,,,,,,,,,,,,,,,,2098.0,,,,,5480.0,1079.0,0.28,,,,,,,,,,,,,,,,382836.0,,,,,
OWID_CYN,Asia,Northern Cyprus,2021-06-27,,,,,,,,,,,,,,,,,,,,,,,,,,,,,,,194782.0,108923.0,85859.0,,,2098.0,50.88,28.45,22.43,,5480.0,1079.0,0.28,,,,,,,,,,,,,,,,382836.0,,,,,
OWID_CYN,Asia,Northern Cyprus,2021-06-28,,,,,,,,,,,,,,,,,,,,,,,,,,,,,,,,,,,,2113.0,,,,,5519.0,1075.0,0.28,,,,,,,,,,,,,,,,382836.0,,,,,
OWID_CYN,Asia,Northern Cyprus,2021-06-29,,,,,,,,,,,,,,,,,,,,,,,,,,,,,,,,,,,,2129.0,,,,,5561.0,1071.0,0.28,,,,,,,,,,,,,,,,382836.0,,,,,
OWID_CYN,Asia,Northern Cyprus,2021-06-30,,,,,,,,,,,,,,,,,,,,,,,,,,,,,,,,,,,,2144.0,,,,,5600.0,1067.0,0.28,,,,,,,,,,,,,,,,382836.0,,,,,
OWID_CYN,Asia,Northern Cyprus,2021-07-01,,,,,,,,,,,,,,,,,,,,,,,,,,,,,,,,,,,,2159.0,,,,,5639.0,1062.0,0.28,,,,,,,,,,,,,,,,382836.0,,,,,
OWID_CYN,Asia,Northern Cyprus,2021-07-02,,,,,,,,,,,,,,,,,,,,,,,,,,,,,,,,,,,,2175.0,,,,,5681.0,1058.0,0.28,,,,,,,,,,,,,,,,382836.0,,,,,
OWID_CYN,Asia,Northern Cyprus,2021-07-03,,,,,,,,,,,,,,,,,,,,,,,,,,,,,,,,,,,,2190.0,,,,,5720.0,1054.0,0.28,,,,,,,,,,,,,,,,382836.0,,,,,
OWID_CYN,Asia,Northern Cyprus,2021-07-04,,,,,,,,,,,,,,,,,,,,,,,,,,,,,,,,,,,,2206.0,,,,,5762.0,1050.0,0.27,,,,,,,,,,,,,,,,382836.0,,,,,
OWID_CYN,Asia,Northern Cyprus,2021-07-05,,,,,,,,,,,,,,,,,,,,,,,,,,,,,,,,,,,,2206.0,,,,,5762.0,1050.0,0.27,,,,,,,,,,,,,,,,382836.0,,,,,
OWID_CYN,Asia,Northern Cyprus,2021-07-06,,,,,,,,,,,,,,,,,,,,,,,,,,,,,,,,,,,,2206.0,,,,,5762.0,1050.0,0.27,,,,,,,,,,,,,,,,382836.0,,,,,
OWID_CYN,Asia,Northern Cyprus,2021-07-07,,,,,,,,,,,,,,,,,,,,,,,,,,,,,,,,,,,,2206.0,,,,,5762.0,1050.0,0.27,,,,,,,,,,,,,,,,382836.0,,,,,
OWID_CYN,Asia,Northern Cyprus,2021-07-08,,,,,,,,,,,,,,,,,,,,,,,,,,,,,,,,,,,,2206.0,,,,,5762.0,1050.0,0.27,,,,,,,,,,,,,,,,382836.0,,,,,
OWID_CYN,Asia,Northern Cyprus,2021-07-09,,,,,,,,,,,,,,,,,,,,,,,,,,,,,,,,,,,,2206.0,,,,,5762.0,1050.0,0.27,,,,,,,,,,,,,,,,382836.0,,,,,
OWID_CYN,Asia,Northern Cyprus,2021-07-10,,,,,,,,,,,,,,,,,,,,,,,,,,,,,,,,,,,,2206.0,,,,,5762.0,1050.0,0.27,,,,,,,,,,,,,,,,382836.0,,,,,
OWID_CYN,Asia,Northern Cyprus,2021-07-11,,,,,,,,,,,,,,,,,,,,,,,,,,,,,,,,,,,,2206.0,,,,,5762.0,1050.0,0.27,,,,,,,,,,,,,,,,382836.0,,,,,
OWID_CYN,Asia,Northern Cyprus,2021-07-12,,,,,,,,,,,,,,,,,,,,,,,,,,,,,,,,,,,,2206.0,,,,,5762.0,1050.0,0.27,,,,,,,,,,,,,,,,382836.0,,,,,
OWID_CYN,Asia,Northern Cyprus,2021-07-13,,,,,,,,,,,,,,,,,,,,,,,,,,,,,,,,,,,,2206.0,,,,,5762.0,1050.0,0.27,,,,,,,,,,,,,,,,382836.0,,,,,
OWID_CYN,Asia,Northern Cyprus,2021-07-14,,,,,,,,,,,,,,,,,,,,,,,,,,,,,,,,,,,,2206.0,,,,,5762.0,1050.0,0.27,,,,,,,,,,,,,,,,382836.0,,,,,
OWID_CYN,Asia,Northern Cyprus,2021-07-15,,,,,,,,,,,,,,,,,,,,,,,,,,,,,,,,,,,,2206.0,,,,,5762.0,1050.0,0.27,,,,,,,,,,,,,,,,382836.0,,,,,
OWID_CYN,Asia,Northern Cyprus,2021-07-16,,,,,,,,,,,,,,,,,,,,,,,,,,,,,,,,,,,,2206.0,,,,,5762.0,1050.0,0.27,,,,,,,,,,,,,,,,382836.0,,,,,
OWID_CYN,Asia,Northern Cyprus,2021-07-17,,,,,,,,,,,,,,,,,,,,,,,,,,,,,,,,,,,,2206.0,,,,,5762.0,1050.0,0.27,,,,,,,,,,,,,,,,382836.0,,,,,
OWID_CYN,Asia,Northern Cyprus,2021-07-18,,,,,,,,,,,,,,,,,,,,,,,,,,,,,,,,,,,,2206.0,,,,,5762.0,1050.0,0.27,,,,,,,,,,,,,,,,382836.0,,,,,
OWID_CYN,Asia,Northern Cyprus,2021-07-19,,,,,,,,,,,,,,,,,,,,,,,,,,,,,,,,,,,,2206.0,,,,,5762.0,1050.0,0.27,,,,,,,,,,,,,,,,382836.0,,,,,
OWID_CYN,Asia,Northern Cyprus,2021-07-20,,,,,,,,,,,,,,,,,,,,,,,,,,,,,,,,,,,,2206.0,,,,,5762.0,1050.0,0.27,,,,,,,,,,,,,,,,382836.0,,,,,
OWID_CYN,Asia,Northern Cyprus,2021-07-21,,,,,,,,,,,,,,,,,,,,,,,,,,,,,,,,,,,,2206.0,,,,,5762.0,1050.0,0.27,,,,,,,,,,,,,,,,382836.0,,,,,
OWID_CYN,Asia,Northern Cyprus,2021-07-22,,,,,,,,,,,,,,,,,,,,,,,,,,,,,,,,,,,,2206.0,,,,,5762.0,1050.0,0.27,,,,,,,,,,,,,,,,382836.0,,,,,
OWID_CYN,Asia,Northern Cyprus,2021-07-23,,,,,,,,,,,,,,,,,,,,,,,,,,,,,,,,,,,,2206.0,,,,,5762.0,1050.0,0.27,,,,,,,,,,,,,,,,382836.0,,,,,
OWID_CYN,Asia,Northern Cyprus,2021-07-24,,,,,,,,,,,,,,,,,,,,,,,,,,,,,,,,,,,,2206.0,,,,,5762.0,1050.0,0.27,,,,,,,,,,,,,,,,382836.0,,,,,
OWID_CYN,Asia,Northern Cyprus,2021-07-25,,,,,,,,,,,,,,,,,,,,,,,,,,,,,,,,,,,,2206.0,,,,,5762.0,1050.0,0.27,,,,,,,,,,,,,,,,382836.0,,,,,
OWID_CYN,Asia,Northern Cyprus,2021-07-26,,,,,,,,,,,,,,,,,,,,,,,,,,,,,,,,,,,,2206.0,,,,,5762.0,1050.0,0.27,,,,,,,,,,,,,,,,382836.0,,,,,
OWID_CYN,Asia,Northern Cyprus,2021-07-27,,,,,,,,,,,,,,,,,,,,,,,,,,,,,,,,,,,,2206.0,,,,,5762.0,1050.0,0.27,,,,,,,,,,,,,,,,382836.0,,,,,
OWID_CYN,Asia,Northern Cyprus,2021-07-28,,,,,,,,,,,,,,,,,,,,,,,,,,,,,,,,,,,,2206.0,,,,,5762.0,1050.0,0.27,,,,,,,,,,,,,,,,382836.0,,,,,
OWID_CYN,Asia,Northern Cyprus,2021-07-29,,,,,,,,,,,,,,,,,,,,,,,,,,,,,,,,,,,,2206.0,,,,,5762.0,1050.0,0.27,,,,,,,,,,,,,,,,382836.0,,,,,
OWID_CYN,Asia,Northern Cyprus,2021-07-30,,,,,,,,,,,,,,,,,,,,,,,,,,,,,,,,,,,,2206.0,,,,,5762.0,1050.0,0.27,,,,,,,,,,,,,,,,382836.0,,,,,
OWID_CYN,Asia,Northern Cyprus,2021-07-31,,,,,,,,,,,,,,,,,,,,,,,,,,,,,,,,,,,,2206.0,,,,,5762.0,1050.0,0.27,,,,,,,,,,,,,,,,382836.0,,,,,
OWID_CYN,Asia,Northern Cyprus,2021-08-01,,,,,,,,,,,,,,,,,,,,,,,,,,,,,,,,,,,,2206.0,,,,,5762.0,1050.0,0.27,,,,,,,,,,,,,,,,382836.0,,,,,
OWID_CYN,Asia,Northern Cyprus,2021-08-02,,,,,,,,,,,,,,,,,,,,,,,,,,,,,,,,,,,,2206.0,,,,,5762.0,1050.0,0.27,,,,,,,,,,,,,,,,382836.0,,,,,
OWID_CYN,Asia,Northern Cyprus,2021-08-03,,,,,,,,,,,,,,,,,,,,,,,,,,,,,,,,,,,,2206.0,,,,,5762.0,1050.0,0.27,,,,,,,,,,,,,,,,382836.0,,,,,
OWID_CYN,Asia,Northern Cyprus,2021-08-04,,,,,,,,,,,,,,,,,,,,,,,,,,,,,,,,,,,,2206.0,,,,,5762.0,1050.0,0.27,,,,,,,,,,,,,,,,382836.0,,,,,
OWID_CYN,Asia,Northern Cyprus,2021-08-05,,,,,,,,,,,,,,,,,,,,,,,,,,,,,,,,,,,,2206.0,,,,,5762.0,1050.0,0.27,,,,,,,,,,,,,,,,382836.0,,,,,
OWID_CYN,Asia,Northern Cyprus,2021-08-06,,,,,,,,,,,,,,,,,,,,,,,,,,,,,,,,,,,,2206.0,,,,,5762.0,1050.0,0.27,,,,,,,,,,,,,,,,382836.0,,,,,
OWID_CYN,Asia,Northern Cyprus,2021-08-07,,,,,,,,,,,,,,,,,,,,,,,,,,,,,,,,,,,,2206.0,,,,,5762.0,1050.0,0.27,,,,,,,,,,,,,,,,382836.0,,,,,
OWID_CYN,Asia,Northern Cyprus,2021-08-08,,,,,,,,,,,,,,,,,,,,,,,,,,,,,,,,,,,,2206.0,,,,,5762.0,1050.0,0.27,,,,,,,,,,,,,,,,382836.0,,,,,
OWID_CYN,Asia,Northern Cyprus,2021-08-09,,,,,,,,,,,,,,,,,,,,,,,,,,,,,,,,,,,,2206.0,,,,,5762.0,1050.0,0.27,,,,,,,,,,,,,,,,382836.0,,,,,
OWID_CYN,Asia,Northern Cyprus,2021-08-10,,,,,,,,,,,,,,,,,,,,,,,,,,,,,,,,,,,,2206.0,,,,,5762.0,1050.0,0.27,,,,,,,,,,,,,,,,382836.0,,,,,
OWID_CYN,Asia,Northern Cyprus,2021-08-11,,,,,,,,,,,,,,,,,,,,,,,,,,,,,,,,,,,,2206.0,,,,,5762.0,1050.0,0.27,,,,,,,,,,,,,,,,382836.0,,,,,
OWID_CYN,Asia,Northern Cyprus,2021-08-12,,,,,,,,,,,,,,,,,,,,,,,,,,,,,,,,,,,,2206.0,,,,,5762.0,1050.0,0.27,,,,,,,,,,,,,,,,382836.0,,,,,
OWID_CYN,Asia,Northern Cyprus,2021-08-13,,,,,,,,,,,,,,,,,,,,,,,,,,,,,,,,,,,,2206.0,,,,,5762.0,1050.0,0.27,,,,,,,,,,,,,,,,382836.0,,,,,
OWID_CYN,Asia,Northern Cyprus,2021-08-14,,,,,,,,,,,,,,,,,,,,,,,,,,,,,,,,,,,,2206.0,,,,,5762.0,1050.0,0.27,,,,,,,,,,,,,,,,382836.0,,,,,
OWID_CYN,Asia,Northern Cyprus,2021-08-15,,,,,,,,,,,,,,,,,,,,,,,,,,,,,,,302854.0,160361.0,142493.0,,,2206.0,79.11,41.89,37.22,,5762.0,1050.0,0.27,,,,,,,,,,,,,,,,382836.0,,,,,
OWID_CYN,Asia,Northern Cyprus,2021-08-16,,,,,,,,,,,,,,,,,,,,,,,,,,,,,,,,,,,,2531.0,,,,,6611.0,1127.0,0.29,,,,,,,,,,,,,,,,382836.0,,,,,
OWID_CYN,Asia,Northern Cyprus,2021-08-17,,,,,,,,,,,,,,,,,,,,,,,,,,,,,,,,,,,,2857.0,,,,,7463.0,1204.0,0.31,,,,,,,,,,,,,,,,382836.0,,,,,
OWID_CYN,Asia,Northern Cyprus,2021-08-18,,,,,,,,,,,,,,,,,,,,,,,,,,,,,,,,,,,,3182.0,,,,,8312.0,1281.0,0.34,,,,,,,,,,,,,,,,382836.0,,,,,
OWID_CYN,Asia,Northern Cyprus,2021-08-19,,,,,,,,,,,,,,,,,,,,,,,,,,,,,,,,,,,,3508.0,,,,,9163.0,1359.0,0.36,,,,,,,,,,,,,,,,382836.0,,,,,
OWID_CYN,Asia,Northern Cyprus,2021-08-20,,,,,,,,,,,,,,,,,,,,,,,,,,,,,,,,,,,,3833.0,,,,,10012.0,1436.0,0.38,,,,,,,,,,,,,,,,382836.0,,,,,
OWID_CYN,Asia,Northern Cyprus,2021-08-21,,,,,,,,,,,,,,,,,,,,,,,,,,,,,,,,,,,,4159.0,,,,,10864.0,1513.0,0.4,,,,,,,,,,,,,,,,382836.0,,,,,
OWID_CYN,Asia,Northern Cyprus,2021-08-22,,,,,,,,,,,,,,,,,,,,,,,,,,,,,,,,,,,,4485.0,,,,,11715.0,1590.0,0.42,,,,,,,,,,,,,,,,382836.0,,,,,
OWID_CYN,Asia,Northern Cyprus,2021-08-23,,,,,,,,,,,,,,,,,,,,,,,,,,,,,,,,,,,,4485.0,,,,,11715.0,1590.0,0.42,,,,,,,,,,,,,,,,382836.0,,,,,
OWID_CYN,Asia,Northern Cyprus,2021-08-24,,,,,,,,,,,,,,,,,,,,,,,,,,,,,,,,,,,,4485.0,,,,,11715.0,1590.0,0.42,,,,,,,,,,,,,,,,382836.0,,,,,
OWID_CYN,Asia,Northern Cyprus,2021-08-25,,,,,,,,,,,,,,,,,,,,,,,,,,,,,,,,,,,,4485.0,,,,,11715.0,1590.0,0.42,,,,,,,,,,,,,,,,382836.0,,,,,
OWID_CYN,Asia,Northern Cyprus,2021-08-26,,,,,,,,,,,,,,,,,,,,,,,,,,,,,,,,,,,,4485.0,,,,,11715.0,1590.0,0.42,,,,,,,,,,,,,,,,382836.0,,,,,
OWID_CYN,Asia,Northern Cyprus,2021-08-27,,,,,,,,,,,,,,,,,,,,,,,,,,,,,,,,,,,,4485.0,,,,,11715.0,1590.0,0.42,,,,,,,,,,,,,,,,382836.0,,,,,
OWID_CYN,Asia,Northern Cyprus,2021-08-28,,,,,,,,,,,,,,,,,,,,,,,,,,,,,,,,,,,,4485.0,,,,,11715.0,1590.0,0.42,,,,,,,,,,,,,,,,382836.0,,,,,
OWID_CYN,Asia,Northern Cyprus,2021-08-29,,,,,,,,,,,,,,,,,,,,,,,,,,,,,,,,,,,,4485.0,,,,,11715.0,1590.0,0.42,,,,,,,,,,,,,,,,382836.0,,,,,
OWID_CYN,Asia,Northern Cyprus,2021-08-30,,,,,,,,,,,,,,,,,,,,,,,,,,,,,,,,,,,,4485.0,,,,,11715.0,1590.0,0.42,,,,,,,,,,,,,,,,382836.0,,,,,
OWID_CYN,Asia,Northern Cyprus,2021-08-31,,,,,,,,,,,,,,,,,,,,,,,,,,,,,,,,,,,,4485.0,,,,,11715.0,1590.0,0.42,,,,,,,,,,,,,,,,382836.0,,,,,
OWID_CYN,Asia,Northern Cyprus,2021-09-01,,,,,,,,,,,,,,,,,,,,,,,,,,,,,,,,,,,,4485.0,,,,,11715.0,1590.0,0.42,,,,,,,,,,,,,,,,382836.0,,,,,
OWID_CYN,Asia,Northern Cyprus,2021-09-02,,,,,,,,,,,,,,,,,,,,,,,,,,,,,,,,,,,,4485.0,,,,,11715.0,1590.0,0.42,,,,,,,,,,,,,,,,382836.0,,,,,
OWID_CYN,Asia,Northern Cyprus,2021-09-03,,,,,,,,,,,,,,,,,,,,,,,,,,,,,,,,,,,,4485.0,,,,,11715.0,1590.0,0.42,,,,,,,,,,,,,,,,382836.0,,,,,
OWID_CYN,Asia,Northern Cyprus,2021-09-04,,,,,,,,,,,,,,,,,,,,,,,,,,,,,,,,,,,,4485.0,,,,,11715.0,1590.0,0.42,,,,,,,,,,,,,,,,382836.0,,,,,
OWID_CYN,Asia,Northern Cyprus,2021-09-05,,,,,,,,,,,,,,,,,,,,,,,,,,,,,,,,,,,,4485.0,,,,,11715.0,1590.0,0.42,,,,,,,,,,,,,,,,382836.0,,,,,
OWID_CYN,Asia,Northern Cyprus,2021-09-06,,,,,,,,,,,,,,,,,,,,,,,,,,,,,,,,,,,,4485.0,,,,,11715.0,1590.0,0.42,,,,,,,,,,,,,,,,382836.0,,,,,
OWID_CYN,Asia,Northern Cyprus,2021-09-07,,,,,,,,,,,,,,,,,,,,,,,,,,,,,,,,,,,,4485.0,,,,,11715.0,1590.0,0.42,,,,,,,,,,,,,,,,382836.0,,,,,
OWID_CYN,Asia,Northern Cyprus,2021-09-08,,,,,,,,,,,,,,,,,,,,,,,,,,,,,,,,,,,,4485.0,,,,,11715.0,1590.0,0.42,,,,,,,,,,,,,,,,382836.0,,,,,
OWID_CYN,Asia,Northern Cyprus,2021-09-09,,,,,,,,,,,,,,,,,,,,,,,,,,,,,,,,,,,,4485.0,,,,,11715.0,1590.0,0.42,,,,,,,,,,,,,,,,382836.0,,,,,
OWID_CYN,Asia,Northern Cyprus,2021-09-10,,,,,,,,,,,,,,,,,,,,,,,,,,,,,,,,,,,,4485.0,,,,,11715.0,1590.0,0.42,,,,,,,,,,,,,,,,382836.0,,,,,
OWID_CYN,Asia,Northern Cyprus,2021-09-11,,,,,,,,,,,,,,,,,,,,,,,,,,,,,,,,,,,,4485.0,,,,,11715.0,1590.0,0.42,,,,,,,,,,,,,,,,382836.0,,,,,
OWID_CYN,Asia,Northern Cyprus,2021-09-12,,,,,,,,,,,,,,,,,,,,,,,,,,,,,,,,,,,,4485.0,,,,,11715.0,1590.0,0.42,,,,,,,,,,,,,,,,382836.0,,,,,
OWID_CYN,Asia,Northern Cyprus,2021-09-13,,,,,,,,,,,,,,,,,,,,,,,,,,,,,,,,,,,,4485.0,,,,,11715.0,1590.0,0.42,,,,,,,,,,,,,,,,382836.0,,,,,
OWID_CYN,Asia,Northern Cyprus,2021-09-14,,,,,,,,,,,,,,,,,,,,,,,,,,,,,,,,,,,,4485.0,,,,,11715.0,1590.0,0.42,,,,,,,,,,,,,,,,382836.0,,,,,
OWID_CYN,Asia,Northern Cyprus,2021-09-15,,,,,,,,,,,,,,,,,,,,,,,,,,,,,,,,,,,,4485.0,,,,,11715.0,1590.0,0.42,,,,,,,,,,,,,,,,382836.0,,,,,
OWID_CYN,Asia,Northern Cyprus,2021-09-16,,,,,,,,,,,,,,,,,,,,,,,,,,,,,,,,,,,,4485.0,,,,,11715.0,1590.0,0.42,,,,,,,,,,,,,,,,382836.0,,,,,
OWID_CYN,Asia,Northern Cyprus,2021-09-17,,,,,,,,,,,,,,,,,,,,,,,,,,,,,,,,,,,,4485.0,,,,,11715.0,1590.0,0.42,,,,,,,,,,,,,,,,382836.0,,,,,
OWID_CYN,Asia,Northern Cyprus,2021-09-18,,,,,,,,,,,,,,,,,,,,,,,,,,,,,,,,,,,,4485.0,,,,,11715.0,1590.0,0.42,,,,,,,,,,,,,,,,382836.0,,,,,
OWID_CYN,Asia,Northern Cyprus,2021-09-19,,,,,,,,,,,,,,,,,,,,,,,,,,,,,,,,,,,,4485.0,,,,,11715.0,1590.0,0.42,,,,,,,,,,,,,,,,382836.0,,,,,
OWID_CYN,Asia,Northern Cyprus,2021-09-20,,,,,,,,,,,,,,,,,,,,,,,,,,,,,,,,,,,,4485.0,,,,,11715.0,1590.0,0.42,,,,,,,,,,,,,,,,382836.0,,,,,
OWID_CYN,Asia,Northern Cyprus,2021-09-21,,,,,,,,,,,,,,,,,,,,,,,,,,,,,,,,,,,,4485.0,,,,,11715.0,1590.0,0.42,,,,,,,,,,,,,,,,382836.0,,,,,
OWID_CYN,Asia,Northern Cyprus,2021-09-22,,,,,,,,,,,,,,,,,,,,,,,,,,,,,,,,,,,,4485.0,,,,,11715.0,1590.0,0.42,,,,,,,,,,,,,,,,382836.0,,,,,
OWID_CYN,Asia,Northern Cyprus,2021-09-23,,,,,,,,,,,,,,,,,,,,,,,,,,,,,,,,,,,,4485.0,,,,,11715.0,1590.0,0.42,,,,,,,,,,,,,,,,382836.0,,,,,
OWID_CYN,Asia,Northern Cyprus,2021-09-24,,,,,,,,,,,,,,,,,,,,,,,,,,,,,,,,,,,,4485.0,,,,,11715.0,1590.0,0.42,,,,,,,,,,,,,,,,382836.0,,,,,
OWID_CYN,Asia,Northern Cyprus,2021-09-25,,,,,,,,,,,,,,,,,,,,,,,,,,,,,,,,,,,,4485.0,,,,,11715.0,1590.0,0.42,,,,,,,,,,,,,,,,382836.0,,,,,
OWID_CYN,Asia,Northern Cyprus,2021-09-26,,,,,,,,,,,,,,,,,,,,,,,,,,,,,,,491206.0,227155.0,223142.0,40909.0,,4485.0,128.31,59.33,58.29,10.69,11715.0,1590.0,0.42,,,,,,,,,,,,,,,,382836.0,,,,,
OWID_CYN,Asia,Northern Cyprus,2021-09-27,,,,,,,,,,,,,,,,,,,,,,,,,,,,,,,,,,,,4145.0,,,,,10827.0,1627.0,0.42,,,,,,,,,,,,,,,,382836.0,,,,,
OWID_CYN,Asia,Northern Cyprus,2021-09-28,,,,,,,,,,,,,,,,,,,,,,,,,,,,,,,,,,,,3806.0,,,,,9942.0,1664.0,0.44,,,,,,,,,,,,,,,,382836.0,,,,,
OWID_CYN,Asia,Northern Cyprus,2021-09-29,,,,,,,,,,,,,,,,,,,,,,,,,,,,,,,,,,,,3467.0,,,,,9056.0,1700.0,0.44,,,,,,,,,,,,,,,,382836.0,,,,,
OWID_CYN,Asia,Northern Cyprus,2021-09-30,,,,,,,,,,,,,,,,,,,,,,,,,,,,,,,,,,,,3128.0,,,,,8171.0,1737.0,0.45,,,,,,,,,,,,,,,,382836.0,,,,,
OWID_CYN,Asia,Northern Cyprus,2021-10-01,,,,,,,,,,,,,,,,,,,,,,,,,,,,,,,,,,,,2789.0,,,,,7285.0,1774.0,0.46,,,,,,,,,,,,,,,,382836.0,,,,,
OWID_CYN,Asia,Northern Cyprus,2021-10-02,,,,,,,,,,,,,,,,,,,,,,,,,,,,,,,,,,,,2450.0,,,,,6400.0,1810.0,0.47,,,,,,,,,,,,,,,,382836.0,,,,,
OWID_CYN,Asia,Northern Cyprus,2021-10-03,,,,,,,,,,,,,,,,,,,,,,,,,,,,,,,,,,,,2110.0,,,,,5511.0,1847.0,0.48,,,,,,,,,,,,,,,,382836.0,,,,,
OWID_CYN,Asia,Northern Cyprus,2021-10-04,,,,,,,,,,,,,,,,,,,,,,,,,,,,,,,,,,,,2110.0,,,,,5511.0,1847.0,0.48,,,,,,,,,,,,,,,,382836.0,,,,,
OWID_CYN,Asia,Northern Cyprus,2021-10-05,,,,,,,,,,,,,,,,,,,,,,,,,,,,,,,,,,,,2110.0,,,,,5511.0,1847.0,0.48,,,,,,,,,,,,,,,,382836.0,,,,,
OWID_CYN,Asia,Northern Cyprus,2021-10-06,,,,,,,,,,,,,,,,,,,,,,,,,,,,,,,,,,,,2110.0,,,,,5511.0,1847.0,0.48,,,,,,,,,,,,,,,,382836.0,,,,,
OWID_CYN,Asia,Northern Cyprus,2021-10-07,,,,,,,,,,,,,,,,,,,,,,,,,,,,,,,,,,,,2110.0,,,,,5511.0,1847.0,0.48,,,,,,,,,,,,,,,,382836.0,,,,,
OWID_CYN,Asia,Northern Cyprus,2021-10-08,,,,,,,,,,,,,,,,,,,,,,,,,,,,,,,,,,,,2110.0,,,,,5511.0,1847.0,0.48,,,,,,,,,,,,,,,,382836.0,,,,,
OWID_CYN,Asia,Northern Cyprus,2021-10-09,,,,,,,,,,,,,,,,,,,,,,,,,,,,,,,,,,,,2110.0,,,,,5511.0,1847.0,0.48,,,,,,,,,,,,,,,,382836.0,,,,,
OWID_CYN,Asia,Northern Cyprus,2021-10-10,,,,,,,,,,,,,,,,,,,,,,,,,,,,,,,,,,,,2110.0,,,,,5511.0,1847.0,0.48,,,,,,,,,,,,,,,,382836.0,,,,,
OWID_CYN,Asia,Northern Cyprus,2021-10-11,,,,,,,,,,,,,,,,,,,,,,,,,,,,,,,,,,,,2110.0,,,,,5511.0,1847.0,0.48,,,,,,,,,,,,,,,,382836.0,,,,,
OWID_CYN,Asia,Northern Cyprus,2021-10-12,,,,,,,,,,,,,,,,,,,,,,,,,,,,,,,,,,,,2110.0,,,,,5511.0,1847.0,0.48,,,,,,,,,,,,,,,,382836.0,,,,,
OWID_CYN,Asia,Northern Cyprus,2021-10-13,,,,,,,,,,,,,,,,,,,,,,,,,,,,,,,,,,,,2110.0,,,,,5511.0,1847.0,0.48,,,,,,,,,,,,,,,,382836.0,,,,,
OWID_CYN,Asia,Northern Cyprus,2021-10-14,,,,,,,,,,,,,,,,,,,,,,,,,,,,,,,,,,,,2110.0,,,,,5511.0,1847.0,0.48,,,,,,,,,,,,,,,,382836.0,,,,,
OWID_CYN,Asia,Northern Cyprus,2021-10-15,,,,,,,,,,,,,,,,,,,,,,,,,,,,,,,,,,,,2110.0,,,,,5511.0,1847.0,0.48,,,,,,,,,,,,,,,,382836.0,,,,,
OWID_CYN,Asia,Northern Cyprus,2021-10-16,,,,,,,,,,,,,,,,,,,,,,,,,,,,,,,,,,,,2110.0,,,,,5511.0,1847.0,0.48,,,,,,,,,,,,,,,,382836.0,,,,,
OWID_CYN,Asia,Northern Cyprus,2021-10-17,,,,,,,,,,,,,,,,,,,,,,,,,,,,,,,,,,,,2110.0,,,,,5511.0,1847.0,0.48,,,,,,,,,,,,,,,,382836.0,,,,,
OWID_CYN,Asia,Northern Cyprus,2021-10-18,,,,,,,,,,,,,,,,,,,,,,,,,,,,,,,,,,,,2110.0,,,,,5511.0,1847.0,0.48,,,,,,,,,,,,,,,,382836.0,,,,,
OWID_CYN,Asia,Northern Cyprus,2021-10-19,,,,,,,,,,,,,,,,,,,,,,,,,,,,,,,,,,,,2110.0,,,,,5511.0,1847.0,0.48,,,,,,,,,,,,,,,,382836.0,,,,,
OWID_CYN,Asia,Northern Cyprus,2021-10-20,,,,,,,,,,,,,,,,,,,,,,,,,,,,,,,,,,,,2110.0,,,,,5511.0,1847.0,0.48,,,,,,,,,,,,,,,,382836.0,,,,,
OWID_CYN,Asia,Northern Cyprus,2021-10-21,,,,,,,,,,,,,,,,,,,,,,,,,,,,,,,,,,,,2110.0,,,,,5511.0,1847.0,0.48,,,,,,,,,,,,,,,,382836.0,,,,,
OWID_CYN,Asia,Northern Cyprus,2021-10-22,,,,,,,,,,,,,,,,,,,,,,,,,,,,,,,546076.0,275175.0,258587.0,46158.0,,2110.0,142.64,71.88,67.55,12.06,5511.0,1847.0,0.48,,,,,,,,,,,,,,,,382836.0,,,,,
OWID_CYN,Asia,Northern Cyprus,2021-10-23,,,,,,,,,,,,,,,,,,,,,,,,,,,,,,,,,,,,1919.0,,,,,5013.0,1606.0,0.42,,,,,,,,,,,,,,,,382836.0,,,,,
OWID_CYN,Asia,Northern Cyprus,2021-10-24,,,,,,,,,,,,,,,,,,,,,,,,,,,,,,,,,,,,1727.0,,,,,4511.0,1365.0,0.36,,,,,,,,,,,,,,,,382836.0,,,,,
OWID_CYN,Asia,Northern Cyprus,2021-10-25,,,,,,,,,,,,,,,,,,,,,,,,,,,,,,,,,,,,1535.0,,,,,4010.0,1124.0,0.29,,,,,,,,,,,,,,,,382836.0,,,,,
OWID_CYN,Asia,Northern Cyprus,2021-10-26,,,,,,,,,,,,,,,,,,,,,,,,,,,,,,,,,,,,1344.0,,,,,3511.0,883.0,0.23,,,,,,,,,,,,,,,,382836.0,,,,,
OWID_CYN,Asia,Northern Cyprus,2021-10-27,,,,,,,,,,,,,,,,,,,,,,,,,,,,,,,,,,,,1152.0,,,,,3009.0,642.0,0.17,,,,,,,,,,,,,,,,382836.0,,,,,
OWID_CYN,Asia,Northern Cyprus,2021-10-28,,,,,,,,,,,,,,,,,,,,,,,,,,,,,,,,,,,,960.0,,,,,2508.0,401.0,0.1,,,,,,,,,,,,,,,,382836.0,,,,,
OWID_CYN,Asia,Northern Cyprus,2021-10-29,,,,,,,,,,,,,,,,,,,,,,,,,,,,,,,551457.0,276296.0,261431.0,47948.0,,769.0,144.05,72.17,68.29,12.52,2009.0,160.0,0.04,,,,,,,,,,,,,,,,382836.0,,,,,
OWID_CYN,Asia,Northern Cyprus,2021-10-30,,,,,,,,,,,,,,,,,,,,,,,,,,,,,,,,,,,,769.0,,,,,2009.0,141.0,0.04,,,,,,,,,,,,,,,,382836.0,,,,,
OWID_CYN,Asia,Northern Cyprus,2021-10-31,,,,,,,,,,,,,,,,,,,,,,,,,,,,,,,,,,,,770.0,,,,,2011.0,122.0,0.03,,,,,,,,,,,,,,,,382836.0,,,,,
OWID_CYN,Asia,Northern Cyprus,2021-11-01,,,,,,,,,,,,,,,,,,,,,,,,,,,,,,,,,,,,771.0,,,,,2014.0,103.0,0.03,,,,,,,,,,,,,,,,382836.0,,,,,
OWID_CYN,Asia,Northern Cyprus,2021-11-02,,,,,,,,,,,,,,,,,,,,,,,,,,,,,,,,,,,,772.0,,,,,2017.0,84.0,0.02,,,,,,,,,,,,,,,,382836.0,,,,,
OWID_CYN,Asia,Northern Cyprus,2021-11-03,,,,,,,,,,,,,,,,,,,,,,,,,,,,,,,,,,,,773.0,,,,,2019.0,65.0,0.02,,,,,,,,,,,,,,,,382836.0,,,,,
OWID_CYN,Asia,Northern Cyprus,2021-11-04,,,,,,,,,,,,,,,,,,,,,,,,,,,,,,,,,,,,773.0,,,,,2019.0,46.0,0.01,,,,,,,,,,,,,,,,382836.0,,,,,
OWID_CYN,Asia,Northern Cyprus,2021-11-05,,,,,,,,,,,,,,,,,,,,,,,,,,,,,,,556876.0,276487.0,263291.0,51741.0,,774.0,145.46,72.22,68.77,13.52,2022.0,27.0,0.01,,,,,,,,,,,,,,,,382836.0,,,,,
OWID_CYN,Asia,Northern Cyprus,2021-11-06,,,,,,,,,,,,,,,,,,,,,,,,,,,,,,,,,,,,808.0,,,,,2111.0,47.0,0.01,,,,,,,,,,,,,,,,382836.0,,,,,
OWID_CYN,Asia,Northern Cyprus,2021-11-07,,,,,,,,,,,,,,,,,,,,,,,,,,,,,,,,,,,,842.0,,,,,2199.0,67.0,0.02,,,,,,,,,,,,,,,,382836.0,,,,,
OWID_CYN,Asia,Northern Cyprus,2021-11-08,,,,,,,,,,,,,,,,,,,,,,,,,,,,,,,,,,,,876.0,,,,,2288.0,86.0,0.02,,,,,,,,,,,,,,,,382836.0,,,,,
OWID_CYN,Asia,Northern Cyprus,2021-11-09,,,,,,,,,,,,,,,,,,,,,,,,,,,,,,,,,,,,909.0,,,,,2374.0,106.0,0.03,,,,,,,,,,,,,,,,382836.0,,,,,
OWID_CYN,Asia,Northern Cyprus,2021-11-10,,,,,,,,,,,,,,,,,,,,,,,,,,,,,,,,,,,,943.0,,,,,2463.0,126.0,0.03,,,,,,,,,,,,,,,,382836.0,,,,,
OWID_CYN,Asia,Northern Cyprus,2021-11-11,,,,,,,,,,,,,,,,,,,,,,,,,,,,,,,,,,,,977.0,,,,,2552.0,145.0,0.04,,,,,,,,,,,,,,,,382836.0,,,,,
OWID_CYN,Asia,Northern Cyprus,2021-11-12,,,,,,,,,,,,,,,,,,,,,,,,,,,,,,,563953.0,277641.0,265245.0,56061.0,,1011.0,147.31,72.52,69.28,14.64,2641.0,165.0,0.04,,,,,,,,,,,,,,,,382836.0,,,,,
OWID_CYN,Asia,Northern Cyprus,2021-11-13,,,,,,,,,,,,,,,,,,,,,,,,,,,,,,,,,,,,1098.0,,,,,2868.0,175.0,0.05,,,,,,,,,,,,,,,,382836.0,,,,,
OWID_CYN,Asia,Northern Cyprus,2021-11-14,,,,,,,,,,,,,,,,,,,,,,,,,,,,,,,,,,,,1186.0,,,,,3098.0,186.0,0.05,,,,,,,,,,,,,,,,382836.0,,,,,
OWID_CYN,Asia,Northern Cyprus,2021-11-15,,,,,,,,,,,,,,,,,,,,,,,,,,,,,,,,,,,,1273.0,,,,,3325.0,197.0,0.05,,,,,,,,,,,,,,,,382836.0,,,,,
OWID_CYN,Asia,Northern Cyprus,2021-11-16,,,,,,,,,,,,,,,,,,,,,,,,,,,,,,,,,,,,1360.0,,,,,3552.0,207.0,0.05,,,,,,,,,,,,,,,,382836.0,,,,,
OWID_CYN,Asia,Northern Cyprus,2021-11-17,,,,,,,,,,,,,,,,,,,,,,,,,,,,,,,,,,,,1448.0,,,,,3782.0,218.0,0.06,,,,,,,,,,,,,,,,382836.0,,,,,
OWID_CYN,Asia,Northern Cyprus,2021-11-18,,,,,,,,,,,,,,,,,,,,,,,,,,,,,,,,,,,,1535.0,,,,,4010.0,228.0,0.06,,,,,,,,,,,,,,,,382836.0,,,,,
OWID_CYN,Asia,Northern Cyprus,2021-11-19,,,,,,,,,,,,,,,,,,,,,,,,,,,,,,,575309.0,279313.0,268242.0,62976.0,,1622.0,150.28,72.96,70.07,16.45,4237.0,239.0,0.06,,,,,,,,,,,,,,,,382836.0,,,,,
OWID_CYN,Asia,Northern Cyprus,2021-11-20,,,,,,,,,,,,,,,,,,,,,,,,,,,,,,,,,,,,2249.0,,,,,5875.0,308.0,0.08,,,,,,,,,,,,,,,,382836.0,,,,,
OWID_CYN,Asia,Northern Cyprus,2021-11-21,,,,,,,,,,,,,,,,,,,,,,,,,,,,,,,,,,,,2876.0,,,,,7512.0,376.0,0.1,,,,,,,,,,,,,,,,382836.0,,,,,
OWID_CYN,Asia,Northern Cyprus,2021-11-22,,,,,,,,,,,,,,,,,,,,,,,,,,,,,,,,,,,,3503.0,,,,,9150.0,445.0,0.12,,,,,,,,,,,,,,,,382836.0,,,,,
OWID_CYN,Asia,Northern Cyprus,2021-11-23,,,,,,,,,,,,,,,,,,,,,,,,,,,,,,,,,,,,4130.0,,,,,10788.0,514.0,0.13,,,,,,,,,,,,,,,,382836.0,,,,,
OWID_CYN,Asia,Northern Cyprus,2021-11-24,,,,,,,,,,,,,,,,,,,,,,,,,,,,,,,,,,,,4757.0,,,,,12426.0,583.0,0.15,,,,,,,,,,,,,,,,382836.0,,,,,
OWID_CYN,Asia,Northern Cyprus,2021-11-25,,,,,,,,,,,,,,,,,,,,,,,,,,,,,,,,,,,,5384.0,,,,,14063.0,652.0,0.17,,,,,,,,,,,,,,,,382836.0,,,,,
OWID_CYN,Asia,Northern Cyprus,2021-11-26,,,,,,,,,,,,,,,,,,,,,,,,,,,,,,,617389.0,284357.0,275988.0,80243.0,,6011.0,161.27,74.28,72.09,20.96,15701.0,721.0,0.19,,,,,,,,,,,,,,,,382836.0,,,,,
OWID_CYN,Asia,Northern Cyprus,2021-11-27,,,,,,,,,,,,,,,,,,,,,,,,,,,,,,,,,,,,5246.0,,,,,13703.0,624.0,0.16,,,,,,,,,,,,,,,,382836.0,,,,,
OWID_CYN,Asia,Northern Cyprus,2021-11-28,,,,,,,,,,,,,,,,,,,,,,,,,,,,,,,,,,,,4481.0,,,,,11705.0,528.0,0.14,,,,,,,,,,,,,,,,382836.0,,,,,
OWID_CYN,Asia,Northern Cyprus,2021-11-29,,,,,,,,,,,,,,,,,,,,,,,,,,,,,,,,,,,,3716.0,,,,,9707.0,432.0,0.11,,,,,,,,,,,,,,,,382836.0,,,,,
OWID_CYN,Asia,Northern Cyprus,2021-11-30,,,,,,,,,,,,,,,,,,,,,,,,,,,,,,,,,,,,2950.0,,,,,7706.0,335.0,0.09,,,,,,,,,,,,,,,,382836.0,,,,,
OWID_CYN,Asia,Northern Cyprus,2021-12-01,,,,,,,,,,,,,,,,,,,,,,,,,,,,,,,,,,,,2185.0,,,,,5707.0,239.0,0.06,,,,,,,,,,,,,,,,382836.0,,,,,
OWID_CYN,Asia,Northern Cyprus,2021-12-02,,,,,,,,,,,,,,,,,,,,,,,,,,,,,,,,,,,,1420.0,,,,,3709.0,143.0,0.04,,,,,,,,,,,,,,,,382836.0,,,,,
OWID_CYN,Asia,Northern Cyprus,2021-12-03,,,,,,,,,,,,,,,,,,,,,,,,,,,,,,,,,,,,655.0,,,,,1711.0,46.0,0.01,,,,,,,,,,,,,,,,382836.0,,,,,
OWID_CYN,Asia,Northern Cyprus,2021-12-04,,,,,,,,,,,,,,,,,,,,,,,,,,,,,,,,,,,,655.0,,,,,1711.0,46.0,0.01,,,,,,,,,,,,,,,,382836.0,,,,,
OWID_CYN,Asia,Northern Cyprus,2021-12-05,,,,,,,,,,,,,,,,,,,,,,,,,,,,,,,,,,,,655.0,,,,,1711.0,46.0,0.01,,,,,,,,,,,,,,,,382836.0,,,,,
OWID_CYN,Asia,Northern Cyprus,2021-12-06,,,,,,,,,,,,,,,,,,,,,,,,,,,,,,,,,,,,655.0,,,,,1711.0,46.0,0.01,,,,,,,,,,,,,,,,382836.0,,,,,
OWID_CYN,Asia,Northern Cyprus,2021-12-07,,,,,,,,,,,,,,,,,,,,,,,,,,,,,,,,,,,,655.0,,,,,1711.0,46.0,0.01,,,,,,,,,,,,,,,,382836.0,,,,,
OWID_CYN,Asia,Northern Cyprus,2021-12-08,,,,,,,,,,,,,,,,,,,,,,,,,,,,,,,,,,,,655.0,,,,,1711.0,46.0,0.01,,,,,,,,,,,,,,,,382836.0,,,,,
OWID_CYN,Asia,Northern Cyprus,2021-12-09,,,,,,,,,,,,,,,,,,,,,,,,,,,,,,,,,,,,655.0,,,,,1711.0,46.0,0.01,,,,,,,,,,,,,,,,382836.0,,,,,
OWID_CYN,Asia,Northern Cyprus,2021-12-10,,,,,,,,,,,,,,,,,,,,,,,,,,,,,,,,,,,,655.0,,,,,1711.0,46.0,0.01,,,,,,,,,,,,,,,,382836.0,,,,,
OWID_CYN,Asia,Northern Cyprus,2021-12-11,,,,,,,,,,,,,,,,,,,,,,,,,,,,,,,,,,,,655.0,,,,,1711.0,46.0,0.01,,,,,,,,,,,,,,,,382836.0,,,,,
OWID_CYN,Asia,Northern Cyprus,2021-12-12,,,,,,,,,,,,,,,,,,,,,,,,,,,,,,,,,,,,655.0,,,,,1711.0,46.0,0.01,,,,,,,,,,,,,,,,382836.0,,,,,
OWID_CYN,Asia,Northern Cyprus,2021-12-13,,,,,,,,,,,,,,,,,,,,,,,,,,,,,,,,,,,,655.0,,,,,1711.0,46.0,0.01,,,,,,,,,,,,,,,,382836.0,,,,,
OWID_CYN,Asia,Northern Cyprus,2021-12-14,,,,,,,,,,,,,,,,,,,,,,,,,,,,,,,,,,,,655.0,,,,,1711.0,46.0,0.01,,,,,,,,,,,,,,,,382836.0,,,,,
OWID_CYN,Asia,Northern Cyprus,2021-12-15,,,,,,,,,,,,,,,,,,,,,,,,,,,,,,,,,,,,655.0,,,,,1711.0,46.0,0.01,,,,,,,,,,,,,,,,382836.0,,,,,
OWID_CYN,Asia,Northern Cyprus,2021-12-16,,,,,,,,,,,,,,,,,,,,,,,,,,,,,,,,,,,,655.0,,,,,1711.0,46.0,0.01,,,,,,,,,,,,,,,,382836.0,,,,,
OWID_CYN,Asia,Northern Cyprus,2021-12-17,,,,,,,,,,,,,,,,,,,,,,,,,,,,,,,,,,,,655.0,,,,,1711.0,46.0,0.01,,,,,,,,,,,,,,,,382836.0,,,,,
OWID_CYN,Asia,Northern Cyprus,2021-12-18,,,,,,,,,,,,,,,,,,,,,,,,,,,,,,,,,,,,655.0,,,,,1711.0,46.0,0.01,,,,,,,,,,,,,,,,382836.0,,,,,
OWID_CYN,Asia,Northern Cyprus,2021-12-19,,,,,,,,,,,,,,,,,,,,,,,,,,,,,,,,,,,,655.0,,,,,1711.0,46.0,0.01,,,,,,,,,,,,,,,,382836.0,,,,,
OWID_CYN,Asia,Northern Cyprus,2021-12-20,,,,,,,,,,,,,,,,,,,,,,,,,,,,,,,,,,,,655.0,,,,,1711.0,46.0,0.01,,,,,,,,,,,,,,,,382836.0,,,,,
OWID_CYN,Asia,Northern Cyprus,2021-12-21,,,,,,,,,,,,,,,,,,,,,,,,,,,,,,,,,,,,655.0,,,,,1711.0,46.0,0.01,,,,,,,,,,,,,,,,382836.0,,,,,
OWID_CYN,Asia,Northern Cyprus,2021-12-22,,,,,,,,,,,,,,,,,,,,,,,,,,,,,,,,,,,,655.0,,,,,1711.0,46.0,0.01,,,,,,,,,,,,,,,,382836.0,,,,,
OWID_CYN,Asia,Northern Cyprus,2021-12-23,,,,,,,,,,,,,,,,,,,,,,,,,,,,,,,,,,,,655.0,,,,,1711.0,46.0,0.01,,,,,,,,,,,,,,,,382836.0,,,,,
OWID_CYN,Asia,Northern Cyprus,2021-12-24,,,,,,,,,,,,,,,,,,,,,,,,,,,,,,,,,,,,655.0,,,,,1711.0,46.0,0.01,,,,,,,,,,,,,,,,382836.0,,,,,
OWID_CYN,Asia,Northern Cyprus,2021-12-25,,,,,,,,,,,,,,,,,,,,,,,,,,,,,,,,,,,,655.0,,,,,1711.0,46.0,0.01,,,,,,,,,,,,,,,,382836.0,,,,,
OWID_CYN,Asia,Northern Cyprus,2021-12-26,,,,,,,,,,,,,,,,,,,,,,,,,,,,,,,,,,,,655.0,,,,,1711.0,46.0,0.01,,,,,,,,,,,,,,,,382836.0,,,,,
OWID_CYN,Asia,Northern Cyprus,2021-12-27,,,,,,,,,,,,,,,,,,,,,,,,,,,,,,,,,,,,655.0,,,,,1711.0,46.0,0.01,,,,,,,,,,,,,,,,382836.0,,,,,
OWID_CYN,Asia,Northern Cyprus,2021-12-28,,,,,,,,,,,,,,,,,,,,,,,,,,,,,,,,,,,,655.0,,,,,1711.0,46.0,0.01,,,,,,,,,,,,,,,,382836.0,,,,,
OWID_CYN,Asia,Northern Cyprus,2021-12-29,,,,,,,,,,,,,,,,,,,,,,,,,,,,,,,,,,,,655.0,,,,,1711.0,46.0,0.01,,,,,,,,,,,,,,,,382836.0,,,,,
OWID_CYN,Asia,Northern Cyprus,2021-12-30,,,,,,,,,,,,,,,,,,,,,,,,,,,,,,,,,,,,655.0,,,,,1711.0,46.0,0.01,,,,,,,,,,,,,,,,382836.0,,,,,
OWID_CYN,Asia,Northern Cyprus,2021-12-31,,,,,,,,,,,,,,,,,,,,,,,,,,,,,,,,,,,,655.0,,,,,1711.0,46.0,0.01,,,,,,,,,,,,,,,,382836.0,,,,,
OWID_CYN,Asia,Northern Cyprus,2022-01-01,,,,,,,,,,,,,,,,,,,,,,,,,,,,,,,,,,,,655.0,,,,,1711.0,46.0,0.01,,,,,,,,,,,,,,,,382836.0,,,,,
OWID_CYN,Asia,Northern Cyprus,2022-01-02,,,,,,,,,,,,,,,,,,,,,,,,,,,,,,,,,,,,655.0,,,,,1711.0,46.0,0.01,,,,,,,,,,,,,,,,382836.0,,,,,
OWID_CYN,Asia,Northern Cyprus,2022-01-03,,,,,,,,,,,,,,,,,,,,,,,,,,,,,,,,,,,,655.0,,,,,1711.0,46.0,0.01,,,,,,,,,,,,,,,,382836.0,,,,,
OWID_CYN,Asia,Northern Cyprus,2022-01-04,,,,,,,,,,,,,,,,,,,,,,,,,,,,,,,,,,,,655.0,,,,,1711.0,46.0,0.01,,,,,,,,,,,,,,,,382836.0,,,,,
OWID_CYN,Asia,Northern Cyprus,2022-01-05,,,,,,,,,,,,,,,,,,,,,,,,,,,,,,,,,,,,655.0,,,,,1711.0,46.0,0.01,,,,,,,,,,,,,,,,382836.0,,,,,
OWID_CYN,Asia,Northern Cyprus,2022-01-06,,,,,,,,,,,,,,,,,,,,,,,,,,,,,,,,,,,,655.0,,,,,1711.0,46.0,0.01,,,,,,,,,,,,,,,,382836.0,,,,,
OWID_CYN,Asia,Northern Cyprus,2022-01-07,,,,,,,,,,,,,,,,,,,,,,,,,,,,,,,,,,,,655.0,,,,,1711.0,46.0,0.01,,,,,,,,,,,,,,,,382836.0,,,,,
OWID_CYN,Asia,Northern Cyprus,2022-01-08,,,,,,,,,,,,,,,,,,,,,,,,,,,,,,,,,,,,655.0,,,,,1711.0,46.0,0.01,,,,,,,,,,,,,,,,382836.0,,,,,
OWID_CYN,Asia,Northern Cyprus,2022-01-09,,,,,,,,,,,,,,,,,,,,,,,,,,,,,,,,,,,,655.0,,,,,1711.0,46.0,0.01,,,,,,,,,,,,,,,,382836.0,,,,,
OWID_CYN,Asia,Northern Cyprus,2022-01-10,,,,,,,,,,,,,,,,,,,,,,,,,,,,,,,,,,,,655.0,,,,,1711.0,46.0,0.01,,,,,,,,,,,,,,,,382836.0,,,,,
OWID_CYN,Asia,Northern Cyprus,2022-01-11,,,,,,,,,,,,,,,,,,,,,,,,,,,,,,,,,,,,655.0,,,,,1711.0,46.0,0.01,,,,,,,,,,,,,,,,382836.0,,,,,
OWID_CYN,Asia,Northern Cyprus,2022-01-12,,,,,,,,,,,,,,,,,,,,,,,,,,,,,,,,,,,,655.0,,,,,1711.0,46.0,0.01,,,,,,,,,,,,,,,,382836.0,,,,,
OWID_CYN,Asia,Northern Cyprus,2022-01-13,,,,,,,,,,,,,,,,,,,,,,,,,,,,,,,,,,,,655.0,,,,,1711.0,46.0,0.01,,,,,,,,,,,,,,,,382836.0,,,,,
OWID_CYN,Asia,Northern Cyprus,2022-01-14,,,,,,,,,,,,,,,,,,,,,,,,,,,,,,,,,,,,655.0,,,,,1711.0,46.0,0.01,,,,,,,,,,,,,,,,382836.0,,,,,
OWID_CYN,Asia,Northern Cyprus,2022-01-15,,,,,,,,,,,,,,,,,,,,,,,,,,,,,,,,,,,,655.0,,,,,1711.0,46.0,0.01,,,,,,,,,,,,,,,,382836.0,,,,,
OWID_CYN,Asia,Northern Cyprus,2022-01-16,,,,,,,,,,,,,,,,,,,,,,,,,,,,,,,,,,,,655.0,,,,,1711.0,46.0,0.01,,,,,,,,,,,,,,,,382836.0,,,,,
OWID_CYN,Asia,Northern Cyprus,2022-01-17,,,,,,,,,,,,,,,,,,,,,,,,,,,,,,,,,,,,655.0,,,,,1711.0,46.0,0.01,,,,,,,,,,,,,,,,382836.0,,,,,
OWID_CYN,Asia,Northern Cyprus,2022-01-18,,,,,,,,,,,,,,,,,,,,,,,,,,,,,,,,,,,,655.0,,,,,1711.0,46.0,0.01,,,,,,,,,,,,,,,,382836.0,,,,,
OWID_CYN,Asia,Northern Cyprus,2022-01-19,,,,,,,,,,,,,,,,,,,,,,,,,,,,,,,,,,,,655.0,,,,,1711.0,46.0,0.01,,,,,,,,,,,,,,,,382836.0,,,,,
OWID_CYN,Asia,Northern Cyprus,2022-01-20,,,,,,,,,,,,,,,,,,,,,,,,,,,,,,,,,,,,655.0,,,,,1711.0,46.0,0.01,,,,,,,,,,,,,,,,382836.0,,,,,
OWID_CYN,Asia,Northern Cyprus,2022-01-21,,,,,,,,,,,,,,,,,,,,,,,,,,,,,,,,,,,,655.0,,,,,1711.0,46.0,0.01,,,,,,,,,,,,,,,,382836.0,,,,,
OWID_CYN,Asia,Northern Cyprus,2022-01-22,,,,,,,,,,,,,,,,,,,,,,,,,,,,,,,,,,,,655.0,,,,,1711.0,46.0,0.01,,,,,,,,,,,,,,,,382836.0,,,,,
OWID_CYN,Asia,Northern Cyprus,2022-01-23,,,,,,,,,,,,,,,,,,,,,,,,,,,,,,,,,,,,655.0,,,,,1711.0,46.0,0.01,,,,,,,,,,,,,,,,382836.0,,,,,
OWID_CYN,Asia,Northern Cyprus,2022-01-24,,,,,,,,,,,,,,,,,,,,,,,,,,,,,,,,,,,,655.0,,,,,1711.0,46.0,0.01,,,,,,,,,,,,,,,,382836.0,,,,,
OWID_CYN,Asia,Northern Cyprus,2022-01-25,,,,,,,,,,,,,,,,,,,,,,,,,,,,,,,,,,,,655.0,,,,,1711.0,46.0,0.01,,,,,,,,,,,,,,,,382836.0,,,,,
OWID_CYN,Asia,Northern Cyprus,2022-01-26,,,,,,,,,,,,,,,,,,,,,,,,,,,,,,,,,,,,655.0,,,,,1711.0,46.0,0.01,,,,,,,,,,,,,,,,382836.0,,,,,
OWID_CYN,Asia,Northern Cyprus,2022-01-27,,,,,,,,,,,,,,,,,,,,,,,,,,,,,,,,,,,,655.0,,,,,1711.0,46.0,0.01,,,,,,,,,,,,,,,,382836.0,,,,,
OWID_CYN,Asia,Northern Cyprus,2022-01-28,,,,,,,,,,,,,,,,,,,,,,,,,,,,,,,,,,,,655.0,,,,,1711.0,46.0,0.01,,,,,,,,,,,,,,,,382836.0,,,,,
OWID_CYN,Asia,Northern Cyprus,2022-01-29,,,,,,,,,,,,,,,,,,,,,,,,,,,,,,,,,,,,655.0,,,,,1711.0,46.0,0.01,,,,,,,,,,,,,,,,382836.0,,,,,
OWID_CYN,Asia,Northern Cyprus,2022-01-30,,,,,,,,,,,,,,,,,,,,,,,,,,,,,,,,,,,,655.0,,,,,1711.0,46.0,0.01,,,,,,,,,,,,,,,,382836.0,,,,,
OWID_CYN,Asia,Northern Cyprus,2022-01-31,,,,,,,,,,,,,,,,,,,,,,,,,,,,,,,,,,,,655.0,,,,,1711.0,46.0,0.01,,,,,,,,,,,,,,,,382836.0,,,,,
OWID_CYN,Asia,Northern Cyprus,2022-02-01,,,,,,,,,,,,,,,,,,,,,,,,,,,,,,,,,,,,655.0,,,,,1711.0,46.0,0.01,,,,,,,,,,,,,,,,382836.0,,,,,
OWID_CYN,Asia,Northern Cyprus,2022-02-02,,,,,,,,,,,,,,,,,,,,,,,,,,,,,,,,,,,,655.0,,,,,1711.0,46.0,0.01,,,,,,,,,,,,,,,,382836.0,,,,,
OWID_CYN,Asia,Northern Cyprus,2022-02-03,,,,,,,,,,,,,,,,,,,,,,,,,,,,,,,,,,,,655.0,,,,,1711.0,46.0,0.01,,,,,,,,,,,,,,,,382836.0,,,,,
OWID_CYN,Asia,Northern Cyprus,2022-02-04,,,,,,,,,,,,,,,,,,,,,,,,,,,,,,,,,,,,655.0,,,,,1711.0,46.0,0.01,,,,,,,,,,,,,,,,382836.0,,,,,
OWID_CYN,Asia,Northern Cyprus,2022-02-05,,,,,,,,,,,,,,,,,,,,,,,,,,,,,,,,,,,,655.0,,,,,1711.0,46.0,0.01,,,,,,,,,,,,,,,,382836.0,,,,,
OWID_CYN,Asia,Northern Cyprus,2022-02-06,,,,,,,,,,,,,,,,,,,,,,,,,,,,,,,,,,,,655.0,,,,,1711.0,46.0,0.01,,,,,,,,,,,,,,,,382836.0,,,,,
OWID_CYN,Asia,Northern Cyprus,2022-02-07,,,,,,,,,,,,,,,,,,,,,,,,,,,,,,,,,,,,655.0,,,,,1711.0,46.0,0.01,,,,,,,,,,,,,,,,382836.0,,,,,
OWID_CYN,Asia,Northern Cyprus,2022-02-08,,,,,,,,,,,,,,,,,,,,,,,,,,,,,,,,,,,,655.0,,,,,1711.0,46.0,0.01,,,,,,,,,,,,,,,,382836.0,,,,,
OWID_CYN,Asia,Northern Cyprus,2022-02-09,,,,,,,,,,,,,,,,,,,,,,,,,,,,,,,,,,,,655.0,,,,,1711.0,46.0,0.01,,,,,,,,,,,,,,,,382836.0,,,,,
OWID_CYN,Asia,Northern Cyprus,2022-02-10,,,,,,,,,,,,,,,,,,,,,,,,,,,,,,,,,,,,655.0,,,,,1711.0,46.0,0.01,,,,,,,,,,,,,,,,382836.0,,,,,
OWID_CYN,Asia,Northern Cyprus,2022-02-11,,,,,,,,,,,,,,,,,,,,,,,,,,,,,,,,,,,,655.0,,,,,1711.0,46.0,0.01,,,,,,,,,,,,,,,,382836.0,,,,,
OWID_CYN,Asia,Northern Cyprus,2022-02-12,,,,,,,,,,,,,,,,,,,,,,,,,,,,,,,,,,,,655.0,,,,,1711.0,46.0,0.01,,,,,,,,,,,,,,,,382836.0,,,,,
OWID_CYN,Asia,Northern Cyprus,2022-02-13,,,,,,,,,,,,,,,,,,,,,,,,,,,,,,,,,,,,655.0,,,,,1711.0,46.0,0.01,,,,,,,,,,,,,,,,382836.0,,,,,
OWID_CYN,Asia,Northern Cyprus,2022-02-14,,,,,,,,,,,,,,,,,,,,,,,,,,,,,,,,,,,,655.0,,,,,1711.0,46.0,0.01,,,,,,,,,,,,,,,,382836.0,,,,,
OWID_CYN,Asia,Northern Cyprus,2022-02-15,,,,,,,,,,,,,,,,,,,,,,,,,,,,,,,,,,,,655.0,,,,,1711.0,46.0,0.01,,,,,,,,,,,,,,,,382836.0,,,,,
OWID_CYN,Asia,Northern Cyprus,2022-02-16,,,,,,,,,,,,,,,,,,,,,,,,,,,,,,,,,,,,655.0,,,,,1711.0,46.0,0.01,,,,,,,,,,,,,,,,382836.0,,,,,
OWID_CYN,Asia,Northern Cyprus,2022-02-17,,,,,,,,,,,,,,,,,,,,,,,,,,,,,,,,,,,,655.0,,,,,1711.0,46.0,0.01,,,,,,,,,,,,,,,,382836.0,,,,,
OWID_CYN,Asia,Northern Cyprus,2022-02-18,,,,,,,,,,,,,,,,,,,,,,,,,,,,,,,,,,,,655.0,,,,,1711.0,46.0,0.01,,,,,,,,,,,,,,,,382836.0,,,,,
OWID_CYN,Asia,Northern Cyprus,2022-02-19,,,,,,,,,,,,,,,,,,,,,,,,,,,,,,,,,,,,655.0,,,,,1711.0,46.0,0.01,,,,,,,,,,,,,,,,382836.0,,,,,
OWID_CYN,Asia,Northern Cyprus,2022-02-20,,,,,,,,,,,,,,,,,,,,,,,,,,,,,,,,,,,,655.0,,,,,1711.0,46.0,0.01,,,,,,,,,,,,,,,,382836.0,,,,,
OWID_CYN,Asia,Northern Cyprus,2022-02-21,,,,,,,,,,,,,,,,,,,,,,,,,,,,,,,,,,,,655.0,,,,,1711.0,46.0,0.01,,,,,,,,,,,,,,,,382836.0,,,,,
OWID_CYN,Asia,Northern Cyprus,2022-02-22,,,,,,,,,,,,,,,,,,,,,,,,,,,,,,,,,,,,655.0,,,,,1711.0,46.0,0.01,,,,,,,,,,,,,,,,382836.0,,,,,
OWID_CYN,Asia,Northern Cyprus,2022-02-23,,,,,,,,,,,,,,,,,,,,,,,,,,,,,,,,,,,,655.0,,,,,1711.0,46.0,0.01,,,,,,,,,,,,,,,,382836.0,,,,,
OWID_CYN,Asia,Northern Cyprus,2022-02-24,,,,,,,,,,,,,,,,,,,,,,,,,,,,,,,,,,,,655.0,,,,,1711.0,46.0,0.01,,,,,,,,,,,,,,,,382836.0,,,,,
OWID_CYN,Asia,Northern Cyprus,2022-02-25,,,,,,,,,,,,,,,,,,,,,,,,,,,,,,,,,,,,655.0,,,,,1711.0,46.0,0.01,,,,,,,,,,,,,,,,382836.0,,,,,
OWID_CYN,Asia,Northern Cyprus,2022-02-26,,,,,,,,,,,,,,,,,,,,,,,,,,,,,,,,,,,,655.0,,,,,1711.0,46.0,0.01,,,,,,,,,,,,,,,,382836.0,,,,,
OWID_CYN,Asia,Northern Cyprus,2022-02-27,,,,,,,,,,,,,,,,,,,,,,,,,,,,,,,,,,,,655.0,,,,,1711.0,46.0,0.01,,,,,,,,,,,,,,,,382836.0,,,,,
OWID_CYN,Asia,Northern Cyprus,2022-02-28,,,,,,,,,,,,,,,,,,,,,,,,,,,,,,,,,,,,655.0,,,,,1711.0,46.0,0.01,,,,,,,,,,,,,,,,382836.0,,,,,
OWID_CYN,Asia,Northern Cyprus,2022-03-01,,,,,,,,,,,,,,,,,,,,,,,,,,,,,,,,,,,,655.0,,,,,1711.0,46.0,0.01,,,,,,,,,,,,,,,,382836.0,,,,,
OWID_CYN,Asia,Northern Cyprus,2022-03-02,,,,,,,,,,,,,,,,,,,,,,,,,,,,,,,,,,,,655.0,,,,,1711.0,46.0,0.01,,,,,,,,,,,,,,,,382836.0,,,,,
OWID_CYN,Asia,Northern Cyprus,2022-03-03,,,,,,,,,,,,,,,,,,,,,,,,,,,,,,,,,,,,655.0,,,,,1711.0,46.0,0.01,,,,,,,,,,,,,,,,382836.0,,,,,
OWID_CYN,Asia,Northern Cyprus,2022-03-04,,,,,,,,,,,,,,,,,,,,,,,,,,,,,,,,,,,,655.0,,,,,1711.0,46.0,0.01,,,,,,,,,,,,,,,,382836.0,,,,,
OWID_CYN,Asia,Northern Cyprus,2022-03-05,,,,,,,,,,,,,,,,,,,,,,,,,,,,,,,,,,,,655.0,,,,,1711.0,46.0,0.01,,,,,,,,,,,,,,,,382836.0,,,,,
OWID_CYN,Asia,Northern Cyprus,2022-03-06,,,,,,,,,,,,,,,,,,,,,,,,,,,,,,,,,,,,655.0,,,,,1711.0,46.0,0.01,,,,,,,,,,,,,,,,382836.0,,,,,
OWID_CYN,Asia,Northern Cyprus,2022-03-07,,,,,,,,,,,,,,,,,,,,,,,,,,,,,,,,,,,,655.0,,,,,1711.0,46.0,0.01,,,,,,,,,,,,,,,,382836.0,,,,,
OWID_CYN,Asia,Northern Cyprus,2022-03-08,,,,,,,,,,,,,,,,,,,,,,,,,,,,,,,,,,,,655.0,,,,,1711.0,46.0,0.01,,,,,,,,,,,,,,,,382836.0,,,,,
OWID_CYN,Asia,Northern Cyprus,2022-03-09,,,,,,,,,,,,,,,,,,,,,,,,,,,,,,,,,,,,655.0,,,,,1711.0,46.0,0.01,,,,,,,,,,,,,,,,382836.0,,,,,
OWID_CYN,Asia,Northern Cyprus,2022-03-10,,,,,,,,,,,,,,,,,,,,,,,,,,,,,,,,,,,,655.0,,,,,1711.0,46.0,0.01,,,,,,,,,,,,,,,,382836.0,,,,,
OWID_CYN,Asia,Northern Cyprus,2022-03-11,,,,,,,,,,,,,,,,,,,,,,,,,,,,,,,,,,,,655.0,,,,,1711.0,46.0,0.01,,,,,,,,,,,,,,,,382836.0,,,,,
OWID_CYN,Asia,Northern Cyprus,2022-03-12,,,,,,,,,,,,,,,,,,,,,,,,,,,,,,,,,,,,655.0,,,,,1711.0,46.0,0.01,,,,,,,,,,,,,,,,382836.0,,,,,
OWID_CYN,Asia,Northern Cyprus,2022-03-13,,,,,,,,,,,,,,,,,,,,,,,,,,,,,,,,,,,,655.0,,,,,1711.0,46.0,0.01,,,,,,,,,,,,,,,,382836.0,,,,,
OWID_CYN,Asia,Northern Cyprus,2022-03-14,,,,,,,,,,,,,,,,,,,,,,,,,,,,,,,,,,,,655.0,,,,,1711.0,46.0,0.01,,,,,,,,,,,,,,,,382836.0,,,,,
OWID_CYN,Asia,Northern Cyprus,2022-03-15,,,,,,,,,,,,,,,,,,,,,,,,,,,,,,,,,,,,655.0,,,,,1711.0,46.0,0.01,,,,,,,,,,,,,,,,382836.0,,,,,
OWID_CYN,Asia,Northern Cyprus,2022-03-16,,,,,,,,,,,,,,,,,,,,,,,,,,,,,,,,,,,,655.0,,,,,1711.0,46.0,0.01,,,,,,,,,,,,,,,,382836.0,,,,,
OWID_CYN,Asia,Northern Cyprus,2022-03-17,,,,,,,,,,,,,,,,,,,,,,,,,,,,,,,,,,,,655.0,,,,,1711.0,46.0,0.01,,,,,,,,,,,,,,,,382836.0,,,,,
OWID_CYN,Asia,Northern Cyprus,2022-03-18,,,,,,,,,,,,,,,,,,,,,,,,,,,,,,,,,,,,655.0,,,,,1711.0,46.0,0.01,,,,,,,,,,,,,,,,382836.0,,,,,
OWID_CYN,Asia,Northern Cyprus,2022-03-19,,,,,,,,,,,,,,,,,,,,,,,,,,,,,,,,,,,,655.0,,,,,1711.0,46.0,0.01,,,,,,,,,,,,,,,,382836.0,,,,,
OWID_CYN,Asia,Northern Cyprus,2022-03-20,,,,,,,,,,,,,,,,,,,,,,,,,,,,,,,,,,,,655.0,,,,,1711.0,46.0,0.01,,,,,,,,,,,,,,,,382836.0,,,,,
OWID_CYN,Asia,Northern Cyprus,2022-03-21,,,,,,,,,,,,,,,,,,,,,,,,,,,,,,,,,,,,655.0,,,,,1711.0,46.0,0.01,,,,,,,,,,,,,,,,382836.0,,,,,
OWID_CYN,Asia,Northern Cyprus,2022-03-22,,,,,,,,,,,,,,,,,,,,,,,,,,,,,,,,,,,,655.0,,,,,1711.0,46.0,0.01,,,,,,,,,,,,,,,,382836.0,,,,,
OWID_CYN,Asia,Northern Cyprus,2022-03-23,,,,,,,,,,,,,,,,,,,,,,,,,,,,,,,,,,,,655.0,,,,,1711.0,46.0,0.01,,,,,,,,,,,,,,,,382836.0,,,,,
OWID_CYN,Asia,Northern Cyprus,2022-03-24,,,,,,,,,,,,,,,,,,,,,,,,,,,,,,,,,,,,655.0,,,,,1711.0,46.0,0.01,,,,,,,,,,,,,,,,382836.0,,,,,
OWID_CYN,Asia,Northern Cyprus,2022-03-25,,,,,,,,,,,,,,,,,,,,,,,,,,,,,,,,,,,,655.0,,,,,1711.0,46.0,0.01,,,,,,,,,,,,,,,,382836.0,,,,,
OWID_CYN,Asia,Northern Cyprus,2022-03-26,,,,,,,,,,,,,,,,,,,,,,,,,,,,,,,,,,,,655.0,,,,,1711.0,46.0,0.01,,,,,,,,,,,,,,,,382836.0,,,,,
OWID_CYN,Asia,Northern Cyprus,2022-03-27,,,,,,,,,,,,,,,,,,,,,,,,,,,,,,,,,,,,655.0,,,,,1711.0,46.0,0.01,,,,,,,,,,,,,,,,382836.0,,,,,
OWID_CYN,Asia,Northern Cyprus,2022-03-28,,,,,,,,,,,,,,,,,,,,,,,,,,,,,,,,,,,,655.0,,,,,1711.0,46.0,0.01,,,,,,,,,,,,,,,,382836.0,,,,,
OWID_CYN,Asia,Northern Cyprus,2022-03-29,,,,,,,,,,,,,,,,,,,,,,,,,,,,,,,,,,,,655.0,,,,,1711.0,46.0,0.01,,,,,,,,,,,,,,,,382836.0,,,,,
OWID_CYN,Asia,Northern Cyprus,2022-03-30,,,,,,,,,,,,,,,,,,,,,,,,,,,,,,,,,,,,655.0,,,,,1711.0,46.0,0.01,,,,,,,,,,,,,,,,382836.0,,,,,
OWID_CYN,Asia,Northern Cyprus,2022-03-31,,,,,,,,,,,,,,,,,,,,,,,,,,,,,,,,,,,,655.0,,,,,1711.0,46.0,0.01,,,,,,,,,,,,,,,,382836.0,,,,,
OWID_CYN,Asia,Northern Cyprus,2022-04-01,,,,,,,,,,,,,,,,,,,,,,,,,,,,,,,,,,,,655.0,,,,,1711.0,46.0,0.01,,,,,,,,,,,,,,,,382836.0,,,,,
OWID_CYN,Asia,Northern Cyprus,2022-04-02,,,,,,,,,,,,,,,,,,,,,,,,,,,,,,,,,,,,655.0,,,,,1711.0,46.0,0.01,,,,,,,,,,,,,,,,382836.0,,,,,
OWID_CYN,Asia,Northern Cyprus,2022-04-03,,,,,,,,,,,,,,,,,,,,,,,,,,,,,,,,,,,,655.0,,,,,1711.0,46.0,0.01,,,,,,,,,,,,,,,,382836.0,,,,,
OWID_CYN,Asia,Northern Cyprus,2022-04-04,,,,,,,,,,,,,,,,,,,,,,,,,,,,,,,,,,,,655.0,,,,,1711.0,46.0,0.01,,,,,,,,,,,,,,,,382836.0,,,,,
OWID_CYN,Asia,Northern Cyprus,2022-04-05,,,,,,,,,,,,,,,,,,,,,,,,,,,,,,,,,,,,655.0,,,,,1711.0,46.0,0.01,,,,,,,,,,,,,,,,382836.0,,,,,
OWID_CYN,Asia,Northern Cyprus,2022-04-06,,,,,,,,,,,,,,,,,,,,,,,,,,,,,,,,,,,,655.0,,,,,1711.0,46.0,0.01,,,,,,,,,,,,,,,,382836.0,,,,,
OWID_CYN,Asia,Northern Cyprus,2022-04-07,,,,,,,,,,,,,,,,,,,,,,,,,,,,,,,,,,,,655.0,,,,,1711.0,46.0,0.01,,,,,,,,,,,,,,,,382836.0,,,,,
OWID_CYN,Asia,Northern Cyprus,2022-04-08,,,,,,,,,,,,,,,,,,,,,,,,,,,,,,,,,,,,655.0,,,,,1711.0,46.0,0.01,,,,,,,,,,,,,,,,382836.0,,,,,
OWID_CYN,Asia,Northern Cyprus,2022-04-09,,,,,,,,,,,,,,,,,,,,,,,,,,,,,,,,,,,,655.0,,,,,1711.0,46.0,0.01,,,,,,,,,,,,,,,,382836.0,,,,,
OWID_CYN,Asia,Northern Cyprus,2022-04-10,,,,,,,,,,,,,,,,,,,,,,,,,,,,,,,,,,,,655.0,,,,,1711.0,46.0,0.01,,,,,,,,,,,,,,,,382836.0,,,,,
OWID_CYN,Asia,Northern Cyprus,2022-04-11,,,,,,,,,,,,,,,,,,,,,,,,,,,,,,,,,,,,655.0,,,,,1711.0,46.0,0.01,,,,,,,,,,,,,,,,382836.0,,,,,
OWID_CYN,Asia,Northern Cyprus,2022-04-12,,,,,,,,,,,,,,,,,,,,,,,,,,,,,,,,,,,,655.0,,,,,1711.0,46.0,0.01,,,,,,,,,,,,,,,,382836.0,,,,,
OWID_CYN,Asia,Northern Cyprus,2022-04-13,,,,,,,,,,,,,,,,,,,,,,,,,,,,,,,,,,,,655.0,,,,,1711.0,46.0,0.01,,,,,,,,,,,,,,,,382836.0,,,,,
OWID_CYN,Asia,Northern Cyprus,2022-04-14,,,,,,,,,,,,,,,,,,,,,,,,,,,,,,,,,,,,655.0,,,,,1711.0,46.0,0.01,,,,,,,,,,,,,,,,382836.0,,,,,
OWID_CYN,Asia,Northern Cyprus,2022-04-15,,,,,,,,,,,,,,,,,,,,,,,,,,,,,,,,,,,,655.0,,,,,1711.0,46.0,0.01,,,,,,,,,,,,,,,,382836.0,,,,,
OWID_CYN,Asia,Northern Cyprus,2022-04-16,,,,,,,,,,,,,,,,,,,,,,,,,,,,,,,,,,,,655.0,,,,,1711.0,46.0,0.01,,,,,,,,,,,,,,,,382836.0,,,,,
OWID_CYN,Asia,Northern Cyprus,2022-04-17,,,,,,,,,,,,,,,,,,,,,,,,,,,,,,,,,,,,655.0,,,,,1711.0,46.0,0.01,,,,,,,,,,,,,,,,382836.0,,,,,
OWID_CYN,Asia,Northern Cyprus,2022-04-18,,,,,,,,,,,,,,,,,,,,,,,,,,,,,,,,,,,,655.0,,,,,1711.0,46.0,0.01,,,,,,,,,,,,,,,,382836.0,,,,,
OWID_CYN,Asia,Northern Cyprus,2022-04-19,,,,,,,,,,,,,,,,,,,,,,,,,,,,,,,,,,,,655.0,,,,,1711.0,46.0,0.01,,,,,,,,,,,,,,,,382836.0,,,,,
OWID_CYN,Asia,Northern Cyprus,2022-04-20,,,,,,,,,,,,,,,,,,,,,,,,,,,,,,,,,,,,655.0,,,,,1711.0,46.0,0.01,,,,,,,,,,,,,,,,382836.0,,,,,
OWID_CYN,Asia,Northern Cyprus,2022-04-21,,,,,,,,,,,,,,,,,,,,,,,,,,,,,,,,,,,,655.0,,,,,1711.0,46.0,0.01,,,,,,,,,,,,,,,,382836.0,,,,,
OWID_CYN,Asia,Northern Cyprus,2022-04-22,,,,,,,,,,,,,,,,,,,,,,,,,,,,,,,,,,,,655.0,,,,,1711.0,46.0,0.01,,,,,,,,,,,,,,,,382836.0,,,,,
OWID_CYN,Asia,Northern Cyprus,2022-04-23,,,,,,,,,,,,,,,,,,,,,,,,,,,,,,,,,,,,655.0,,,,,1711.0,46.0,0.01,,,,,,,,,,,,,,,,382836.0,,,,,
OWID_CYN,Asia,Northern Cyprus,2022-04-24,,,,,,,,,,,,,,,,,,,,,,,,,,,,,,,,,,,,655.0,,,,,1711.0,46.0,0.01,,,,,,,,,,,,,,,,382836.0,,,,,
OWID_CYN,Asia,Northern Cyprus,2022-04-25,,,,,,,,,,,,,,,,,,,,,,,,,,,,,,,,,,,,655.0,,,,,1711.0,46.0,0.01,,,,,,,,,,,,,,,,382836.0,,,,,
OWID_CYN,Asia,Northern Cyprus,2022-04-26,,,,,,,,,,,,,,,,,,,,,,,,,,,,,,,,,,,,655.0,,,,,1711.0,46.0,0.01,,,,,,,,,,,,,,,,382836.0,,,,,
OWID_CYN,Asia,Northern Cyprus,2022-04-27,,,,,,,,,,,,,,,,,,,,,,,,,,,,,,,,,,,,655.0,,,,,1711.0,46.0,0.01,,,,,,,,,,,,,,,,382836.0,,,,,
OWID_CYN,Asia,Northern Cyprus,2022-04-28,,,,,,,,,,,,,,,,,,,,,,,,,,,,,,,,,,,,655.0,,,,,1711.0,46.0,0.01,,,,,,,,,,,,,,,,382836.0,,,,,
OWID_CYN,Asia,Northern Cyprus,2022-04-29,,,,,,,,,,,,,,,,,,,,,,,,,,,,,,,,,,,,655.0,,,,,1711.0,46.0,0.01,,,,,,,,,,,,,,,,382836.0,,,,,
OWID_CYN,Asia,Northern Cyprus,2022-04-30,,,,,,,,,,,,,,,,,,,,,,,,,,,,,,,,,,,,655.0,,,,,1711.0,46.0,0.01,,,,,,,,,,,,,,,,382836.0,,,,,
OWID_CYN,Asia,Northern Cyprus,2022-05-01,,,,,,,,,,,,,,,,,,,,,,,,,,,,,,,,,,,,655.0,,,,,1711.0,46.0,0.01,,,,,,,,,,,,,,,,382836.0,,,,,
OWID_CYN,Asia,Northern Cyprus,2022-05-02,,,,,,,,,,,,,,,,,,,,,,,,,,,,,,,,,,,,655.0,,,,,1711.0,46.0,0.01,,,,,,,,,,,,,,,,382836.0,,,,,
OWID_CYN,Asia,Northern Cyprus,2022-05-03,,,,,,,,,,,,,,,,,,,,,,,,,,,,,,,,,,,,655.0,,,,,1711.0,46.0,0.01,,,,,,,,,,,,,,,,382836.0,,,,,
OWID_CYN,Asia,Northern Cyprus,2022-05-04,,,,,,,,,,,,,,,,,,,,,,,,,,,,,,,,,,,,655.0,,,,,1711.0,46.0,0.01,,,,,,,,,,,,,,,,382836.0,,,,,
OWID_CYN,Asia,Northern Cyprus,2022-05-05,,,,,,,,,,,,,,,,,,,,,,,,,,,,,,,,,,,,655.0,,,,,1711.0,46.0,0.01,,,,,,,,,,,,,,,,382836.0,,,,,
OWID_CYN,Asia,Northern Cyprus,2022-05-06,,,,,,,,,,,,,,,,,,,,,,,,,,,,,,,,,,,,655.0,,,,,1711.0,46.0,0.01,,,,,,,,,,,,,,,,382836.0,,,,,
OWID_CYN,Asia,Northern Cyprus,2022-05-07,,,,,,,,,,,,,,,,,,,,,,,,,,,,,,,,,,,,655.0,,,,,1711.0,46.0,0.01,,,,,,,,,,,,,,,,382836.0,,,,,
OWID_CYN,Asia,Northern Cyprus,2022-05-08,,,,,,,,,,,,,,,,,,,,,,,,,,,,,,,,,,,,655.0,,,,,1711.0,46.0,0.01,,,,,,,,,,,,,,,,382836.0,,,,,
OWID_CYN,Asia,Northern Cyprus,2022-05-09,,,,,,,,,,,,,,,,,,,,,,,,,,,,,,,,,,,,655.0,,,,,1711.0,46.0,0.01,,,,,,,,,,,,,,,,382836.0,,,,,
OWID_CYN,Asia,Northern Cyprus,2022-05-10,,,,,,,,,,,,,,,,,,,,,,,,,,,,,,,,,,,,655.0,,,,,1711.0,46.0,0.01,,,,,,,,,,,,,,,,382836.0,,,,,
OWID_CYN,Asia,Northern Cyprus,2022-05-11,,,,,,,,,,,,,,,,,,,,,,,,,,,,,,,,,,,,655.0,,,,,1711.0,46.0,0.01,,,,,,,,,,,,,,,,382836.0,,,,,
OWID_CYN,Asia,Northern Cyprus,2022-05-12,,,,,,,,,,,,,,,,,,,,,,,,,,,,,,,,,,,,655.0,,,,,1711.0,46.0,0.01,,,,,,,,,,,,,,,,382836.0,,,,,
OWID_CYN,Asia,Northern Cyprus,2022-05-13,,,,,,,,,,,,,,,,,,,,,,,,,,,,,,,,,,,,655.0,,,,,1711.0,46.0,0.01,,,,,,,,,,,,,,,,382836.0,,,,,
OWID_CYN,Asia,Northern Cyprus,2022-05-14,,,,,,,,,,,,,,,,,,,,,,,,,,,,,,,,,,,,655.0,,,,,1711.0,46.0,0.01,,,,,,,,,,,,,,,,382836.0,,,,,
OWID_CYN,Asia,Northern Cyprus,2022-05-15,,,,,,,,,,,,,,,,,,,,,,,,,,,,,,,,,,,,655.0,,,,,1711.0,46.0,0.01,,,,,,,,,,,,,,,,382836.0,,,,,
OWID_CYN,Asia,Northern Cyprus,2022-05-16,,,,,,,,,,,,,,,,,,,,,,,,,,,,,,,,,,,,655.0,,,,,1711.0,46.0,0.01,,,,,,,,,,,,,,,,382836.0,,,,,
OWID_CYN,Asia,Northern Cyprus,2022-05-17,,,,,,,,,,,,,,,,,,,,,,,,,,,,,,,,,,,,655.0,,,,,1711.0,46.0,0.01,,,,,,,,,,,,,,,,382836.0,,,,,
OWID_CYN,Asia,Northern Cyprus,2022-05-18,,,,,,,,,,,,,,,,,,,,,,,,,,,,,,,,,,,,655.0,,,,,1711.0,46.0,0.01,,,,,,,,,,,,,,,,382836.0,,,,,
OWID_CYN,Asia,Northern Cyprus,2022-05-19,,,,,,,,,,,,,,,,,,,,,,,,,,,,,,,,,,,,655.0,,,,,1711.0,46.0,0.01,,,,,,,,,,,,,,,,382836.0,,,,,
OWID_CYN,Asia,Northern Cyprus,2022-05-20,,,,,,,,,,,,,,,,,,,,,,,,,,,,,,,,,,,,655.0,,,,,1711.0,46.0,0.01,,,,,,,,,,,,,,,,382836.0,,,,,
OWID_CYN,Asia,Northern Cyprus,2022-05-21,,,,,,,,,,,,,,,,,,,,,,,,,,,,,,,,,,,,655.0,,,,,1711.0,46.0,0.01,,,,,,,,,,,,,,,,382836.0,,,,,
OWID_CYN,Asia,Northern Cyprus,2022-05-22,,,,,,,,,,,,,,,,,,,,,,,,,,,,,,,,,,,,655.0,,,,,1711.0,46.0,0.01,,,,,,,,,,,,,,,,382836.0,,,,,
OWID_CYN,Asia,Northern Cyprus,2022-05-23,,,,,,,,,,,,,,,,,,,,,,,,,,,,,,,,,,,,655.0,,,,,1711.0,46.0,0.01,,,,,,,,,,,,,,,,382836.0,,,,,
OWID_CYN,Asia,Northern Cyprus,2022-05-24,,,,,,,,,,,,,,,,,,,,,,,,,,,,,,,,,,,,655.0,,,,,1711.0,46.0,0.01,,,,,,,,,,,,,,,,382836.0,,,,,
OWID_CYN,Asia,Northern Cyprus,2022-05-25,,,,,,,,,,,,,,,,,,,,,,,,,,,,,,,,,,,,655.0,,,,,1711.0,46.0,0.01,,,,,,,,,,,,,,,,382836.0,,,,,
OWID_CYN,Asia,Northern Cyprus,2022-05-26,,,,,,,,,,,,,,,,,,,,,,,,,,,,,,,,,,,,655.0,,,,,1711.0,46.0,0.01,,,,,,,,,,,,,,,,382836.0,,,,,
OWID_CYN,Asia,Northern Cyprus,2022-05-27,,,,,,,,,,,,,,,,,,,,,,,,,,,,,,,,,,,,655.0,,,,,1711.0,46.0,0.01,,,,,,,,,,,,,,,,382836.0,,,,,
OWID_CYN,Asia,Northern Cyprus,2022-05-28,,,,,,,,,,,,,,,,,,,,,,,,,,,,,,,,,,,,655.0,,,,,1711.0,46.0,0.01,,,,,,,,,,,,,,,,382836.0,,,,,
OWID_CYN,Asia,Northern Cyprus,2022-05-29,,,,,,,,,,,,,,,,,,,,,,,,,,,,,,,,,,,,655.0,,,,,1711.0,46.0,0.01,,,,,,,,,,,,,,,,382836.0,,,,,
OWID_CYN,Asia,Northern Cyprus,2022-05-30,,,,,,,,,,,,,,,,,,,,,,,,,,,,,,,,,,,,655.0,,,,,1711.0,46.0,0.01,,,,,,,,,,,,,,,,382836.0,,,,,
OWID_CYN,Asia,Northern Cyprus,2022-05-31,,,,,,,,,,,,,,,,,,,,,,,,,,,,,,,,,,,,655.0,,,,,1711.0,46.0,0.01,,,,,,,,,,,,,,,,382836.0,,,,,
OWID_CYN,Asia,Northern Cyprus,2022-06-01,,,,,,,,,,,,,,,,,,,,,,,,,,,,,,,,,,,,655.0,,,,,1711.0,46.0,0.01,,,,,,,,,,,,,,,,382836.0,,,,,
OWID_CYN,Asia,Northern Cyprus,2022-06-02,,,,,,,,,,,,,,,,,,,,,,,,,,,,,,,,,,,,655.0,,,,,1711.0,46.0,0.01,,,,,,,,,,,,,,,,382836.0,,,,,
OWID_CYN,Asia,Northern Cyprus,2022-06-03,,,,,,,,,,,,,,,,,,,,,,,,,,,,,,,,,,,,655.0,,,,,1711.0,46.0,0.01,,,,,,,,,,,,,,,,382836.0,,,,,
OWID_CYN,Asia,Northern Cyprus,2022-06-04,,,,,,,,,,,,,,,,,,,,,,,,,,,,,,,,,,,,655.0,,,,,1711.0,46.0,0.01,,,,,,,,,,,,,,,,382836.0,,,,,
OWID_CYN,Asia,Northern Cyprus,2022-06-05,,,,,,,,,,,,,,,,,,,,,,,,,,,,,,,,,,,,655.0,,,,,1711.0,46.0,0.01,,,,,,,,,,,,,,,,382836.0,,,,,
OWID_CYN,Asia,Northern Cyprus,2022-06-06,,,,,,,,,,,,,,,,,,,,,,,,,,,,,,,,,,,,655.0,,,,,1711.0,46.0,0.01,,,,,,,,,,,,,,,,382836.0,,,,,
OWID_CYN,Asia,Northern Cyprus,2022-06-07,,,,,,,,,,,,,,,,,,,,,,,,,,,,,,,,,,,,655.0,,,,,1711.0,46.0,0.01,,,,,,,,,,,,,,,,382836.0,,,,,
OWID_CYN,Asia,Northern Cyprus,2022-06-08,,,,,,,,,,,,,,,,,,,,,,,,,,,,,,,,,,,,655.0,,,,,1711.0,46.0,0.01,,,,,,,,,,,,,,,,382836.0,,,,,
OWID_CYN,Asia,Northern Cyprus,2022-06-09,,,,,,,,,,,,,,,,,,,,,,,,,,,,,,,,,,,,655.0,,,,,1711.0,46.0,0.01,,,,,,,,,,,,,,,,382836.0,,,,,
OWID_CYN,Asia,Northern Cyprus,2022-06-10,,,,,,,,,,,,,,,,,,,,,,,,,,,,,,,,,,,,655.0,,,,,1711.0,46.0,0.01,,,,,,,,,,,,,,,,382836.0,,,,,
OWID_CYN,Asia,Northern Cyprus,2022-06-11,,,,,,,,,,,,,,,,,,,,,,,,,,,,,,,,,,,,655.0,,,,,1711.0,46.0,0.01,,,,,,,,,,,,,,,,382836.0,,,,,
OWID_CYN,Asia,Northern Cyprus,2022-06-12,,,,,,,,,,,,,,,,,,,,,,,,,,,,,,,,,,,,655.0,,,,,1711.0,46.0,0.01,,,,,,,,,,,,,,,,382836.0,,,,,
OWID_CYN,Asia,Northern Cyprus,2022-06-13,,,,,,,,,,,,,,,,,,,,,,,,,,,,,,,,,,,,655.0,,,,,1711.0,46.0,0.01,,,,,,,,,,,,,,,,382836.0,,,,,
OWID_CYN,Asia,Northern Cyprus,2022-06-14,,,,,,,,,,,,,,,,,,,,,,,,,,,,,,,,,,,,655.0,,,,,1711.0,46.0,0.01,,,,,,,,,,,,,,,,382836.0,,,,,
OWID_CYN,Asia,Northern Cyprus,2022-06-15,,,,,,,,,,,,,,,,,,,,,,,,,,,,,,,,,,,,655.0,,,,,1711.0,46.0,0.01,,,,,,,,,,,,,,,,382836.0,,,,,
OWID_CYN,Asia,Northern Cyprus,2022-06-16,,,,,,,,,,,,,,,,,,,,,,,,,,,,,,,,,,,,655.0,,,,,1711.0,46.0,0.01,,,,,,,,,,,,,,,,382836.0,,,,,
OWID_CYN,Asia,Northern Cyprus,2022-06-17,,,,,,,,,,,,,,,,,,,,,,,,,,,,,,,,,,,,655.0,,,,,1711.0,46.0,0.01,,,,,,,,,,,,,,,,382836.0,,,,,
OWID_CYN,Asia,Northern Cyprus,2022-06-18,,,,,,,,,,,,,,,,,,,,,,,,,,,,,,,,,,,,655.0,,,,,1711.0,46.0,0.01,,,,,,,,,,,,,,,,382836.0,,,,,
OWID_CYN,Asia,Northern Cyprus,2022-06-19,,,,,,,,,,,,,,,,,,,,,,,,,,,,,,,,,,,,655.0,,,,,1711.0,46.0,0.01,,,,,,,,,,,,,,,,382836.0,,,,,
OWID_CYN,Asia,Northern Cyprus,2022-06-20,,,,,,,,,,,,,,,,,,,,,,,,,,,,,,,,,,,,655.0,,,,,1711.0,46.0,0.01,,,,,,,,,,,,,,,,382836.0,,,,,
OWID_CYN,Asia,Northern Cyprus,2022-06-21,,,,,,,,,,,,,,,,,,,,,,,,,,,,,,,,,,,,655.0,,,,,1711.0,46.0,0.01,,,,,,,,,,,,,,,,382836.0,,,,,
OWID_CYN,Asia,Northern Cyprus,2022-06-22,,,,,,,,,,,,,,,,,,,,,,,,,,,,,,,,,,,,655.0,,,,,1711.0,46.0,0.01,,,,,,,,,,,,,,,,382836.0,,,,,
OWID_CYN,Asia,Northern Cyprus,2022-06-23,,,,,,,,,,,,,,,,,,,,,,,,,,,,,,,,,,,,655.0,,,,,1711.0,46.0,0.01,,,,,,,,,,,,,,,,382836.0,,,,,
OWID_CYN,Asia,Northern Cyprus,2022-06-24,,,,,,,,,,,,,,,,,,,,,,,,,,,,,,,,,,,,655.0,,,,,1711.0,46.0,0.01,,,,,,,,,,,,,,,,382836.0,,,,,
OWID_CYN,Asia,Northern Cyprus,2022-06-25,,,,,,,,,,,,,,,,,,,,,,,,,,,,,,,,,,,,655.0,,,,,1711.0,46.0,0.01,,,,,,,,,,,,,,,,382836.0,,,,,
OWID_CYN,Asia,Northern Cyprus,2022-06-26,,,,,,,,,,,,,,,,,,,,,,,,,,,,,,,,,,,,655.0,,,,,1711.0,46.0,0.01,,,,,,,,,,,,,,,,382836.0,,,,,
OWID_CYN,Asia,Northern Cyprus,2022-06-27,,,,,,,,,,,,,,,,,,,,,,,,,,,,,,,,,,,,655.0,,,,,1711.0,46.0,0.01,,,,,,,,,,,,,,,,382836.0,,,,,
OWID_CYN,Asia,Northern Cyprus,2022-06-28,,,,,,,,,,,,,,,,,,,,,,,,,,,,,,,,,,,,655.0,,,,,1711.0,46.0,0.01,,,,,,,,,,,,,,,,382836.0,,,,,
OWID_CYN,Asia,Northern Cyprus,2022-06-29,,,,,,,,,,,,,,,,,,,,,,,,,,,,,,,,,,,,655.0,,,,,1711.0,46.0,0.01,,,,,,,,,,,,,,,,382836.0,,,,,
OWID_CYN,Asia,Northern Cyprus,2022-06-30,,,,,,,,,,,,,,,,,,,,,,,,,,,,,,,,,,,,655.0,,,,,1711.0,46.0,0.01,,,,,,,,,,,,,,,,382836.0,,,,,
OWID_CYN,Asia,Northern Cyprus,2022-07-01,,,,,,,,,,,,,,,,,,,,,,,,,,,,,,,,,,,,655.0,,,,,1711.0,46.0,0.01,,,,,,,,,,,,,,,,382836.0,,,,,
OWID_CYN,Asia,Northern Cyprus,2022-07-02,,,,,,,,,,,,,,,,,,,,,,,,,,,,,,,,,,,,655.0,,,,,1711.0,46.0,0.01,,,,,,,,,,,,,,,,382836.0,,,,,
OWID_CYN,Asia,Northern Cyprus,2022-07-03,,,,,,,,,,,,,,,,,,,,,,,,,,,,,,,,,,,,655.0,,,,,1711.0,46.0,0.01,,,,,,,,,,,,,,,,382836.0,,,,,
OWID_CYN,Asia,Northern Cyprus,2022-07-04,,,,,,,,,,,,,,,,,,,,,,,,,,,,,,,,,,,,655.0,,,,,1711.0,46.0,0.01,,,,,,,,,,,,,,,,382836.0,,,,,
OWID_CYN,Asia,Northern Cyprus,2022-07-05,,,,,,,,,,,,,,,,,,,,,,,,,,,,,,,,,,,,655.0,,,,,1711.0,46.0,0.01,,,,,,,,,,,,,,,,382836.0,,,,,
OWID_CYN,Asia,Northern Cyprus,2022-07-06,,,,,,,,,,,,,,,,,,,,,,,,,,,,,,,,,,,,655.0,,,,,1711.0,46.0,0.01,,,,,,,,,,,,,,,,382836.0,,,,,
OWID_CYN,Asia,Northern Cyprus,2022-07-07,,,,,,,,,,,,,,,,,,,,,,,,,,,,,,,,,,,,655.0,,,,,1711.0,46.0,0.01,,,,,,,,,,,,,,,,382836.0,,,,,
OWID_CYN,Asia,Northern Cyprus,2022-07-08,,,,,,,,,,,,,,,,,,,,,,,,,,,,,,,,,,,,655.0,,,,,1711.0,46.0,0.01,,,,,,,,,,,,,,,,382836.0,,,,,
OWID_CYN,Asia,Northern Cyprus,2022-07-09,,,,,,,,,,,,,,,,,,,,,,,,,,,,,,,,,,,,655.0,,,,,1711.0,46.0,0.01,,,,,,,,,,,,,,,,382836.0,,,,,
OWID_CYN,Asia,Northern Cyprus,2022-07-10,,,,,,,,,,,,,,,,,,,,,,,,,,,,,,,,,,,,655.0,,,,,1711.0,46.0,0.01,,,,,,,,,,,,,,,,382836.0,,,,,
OWID_CYN,Asia,Northern Cyprus,2022-07-11,,,,,,,,,,,,,,,,,,,,,,,,,,,,,,,,,,,,655.0,,,,,1711.0,46.0,0.01,,,,,,,,,,,,,,,,382836.0,,,,,
OWID_CYN,Asia,Northern Cyprus,2022-07-12,,,,,,,,,,,,,,,,,,,,,,,,,,,,,,,,,,,,655.0,,,,,1711.0,46.0,0.01,,,,,,,,,,,,,,,,382836.0,,,,,
OWID_CYN,Asia,Northern Cyprus,2022-07-13,,,,,,,,,,,,,,,,,,,,,,,,,,,,,,,,,,,,655.0,,,,,1711.0,46.0,0.01,,,,,,,,,,,,,,,,382836.0,,,,,
OWID_CYN,Asia,Northern Cyprus,2022-07-14,,,,,,,,,,,,,,,,,,,,,,,,,,,,,,,,,,,,655.0,,,,,1711.0,46.0,0.01,,,,,,,,,,,,,,,,382836.0,,,,,
OWID_CYN,Asia,Northern Cyprus,2022-07-15,,,,,,,,,,,,,,,,,,,,,,,,,,,,,,,,,,,,655.0,,,,,1711.0,46.0,0.01,,,,,,,,,,,,,,,,382836.0,,,,,
OWID_CYN,Asia,Northern Cyprus,2022-07-16,,,,,,,,,,,,,,,,,,,,,,,,,,,,,,,,,,,,655.0,,,,,1711.0,46.0,0.01,,,,,,,,,,,,,,,,382836.0,,,,,
OWID_CYN,Asia,Northern Cyprus,2022-07-17,,,,,,,,,,,,,,,,,,,,,,,,,,,,,,,,,,,,655.0,,,,,1711.0,46.0,0.01,,,,,,,,,,,,,,,,382836.0,,,,,
OWID_CYN,Asia,Northern Cyprus,2022-07-18,,,,,,,,,,,,,,,,,,,,,,,,,,,,,,,,,,,,655.0,,,,,1711.0,46.0,0.01,,,,,,,,,,,,,,,,382836.0,,,,,
OWID_CYN,Asia,Northern Cyprus,2022-07-19,,,,,,,,,,,,,,,,,,,,,,,,,,,,,,,,,,,,655.0,,,,,1711.0,46.0,0.01,,,,,,,,,,,,,,,,382836.0,,,,,
OWID_CYN,Asia,Northern Cyprus,2022-07-20,,,,,,,,,,,,,,,,,,,,,,,,,,,,,,,,,,,,655.0,,,,,1711.0,46.0,0.01,,,,,,,,,,,,,,,,382836.0,,,,,
OWID_CYN,Asia,Northern Cyprus,2022-07-21,,,,,,,,,,,,,,,,,,,,,,,,,,,,,,,,,,,,655.0,,,,,1711.0,46.0,0.01,,,,,,,,,,,,,,,,382836.0,,,,,
OWID_CYN,Asia,Northern Cyprus,2022-07-22,,,,,,,,,,,,,,,,,,,,,,,,,,,,,,,,,,,,655.0,,,,,1711.0,46.0,0.01,,,,,,,,,,,,,,,,382836.0,,,,,
OWID_CYN,Asia,Northern Cyprus,2022-07-23,,,,,,,,,,,,,,,,,,,,,,,,,,,,,,,,,,,,655.0,,,,,1711.0,46.0,0.01,,,,,,,,,,,,,,,,382836.0,,,,,
OWID_CYN,Asia,Northern Cyprus,2022-07-24,,,,,,,,,,,,,,,,,,,,,,,,,,,,,,,,,,,,655.0,,,,,1711.0,46.0,0.01,,,,,,,,,,,,,,,,382836.0,,,,,
OWID_CYN,Asia,Northern Cyprus,2022-07-25,,,,,,,,,,,,,,,,,,,,,,,,,,,,,,,,,,,,655.0,,,,,1711.0,46.0,0.01,,,,,,,,,,,,,,,,382836.0,,,,,
OWID_CYN,Asia,Northern Cyprus,2022-07-26,,,,,,,,,,,,,,,,,,,,,,,,,,,,,,,,,,,,655.0,,,,,1711.0,46.0,0.01,,,,,,,,,,,,,,,,382836.0,,,,,
OWID_CYN,Asia,Northern Cyprus,2022-07-27,,,,,,,,,,,,,,,,,,,,,,,,,,,,,,,,,,,,655.0,,,,,1711.0,46.0,0.01,,,,,,,,,,,,,,,,382836.0,,,,,
OWID_CYN,Asia,Northern Cyprus,2022-07-28,,,,,,,,,,,,,,,,,,,,,,,,,,,,,,,,,,,,655.0,,,,,1711.0,46.0,0.01,,,,,,,,,,,,,,,,382836.0,,,,,
OWID_CYN,Asia,Northern Cyprus,2022-07-29,,,,,,,,,,,,,,,,,,,,,,,,,,,,,,,,,,,,655.0,,,,,1711.0,46.0,0.01,,,,,,,,,,,,,,,,382836.0,,,,,
OWID_CYN,Asia,Northern Cyprus,2022-07-30,,,,,,,,,,,,,,,,,,,,,,,,,,,,,,,,,,,,655.0,,,,,1711.0,46.0,0.01,,,,,,,,,,,,,,,,382836.0,,,,,
OWID_CYN,Asia,Northern Cyprus,2022-07-31,,,,,,,,,,,,,,,,,,,,,,,,,,,,,,,,,,,,655.0,,,,,1711.0,46.0,0.01,,,,,,,,,,,,,,,,382836.0,,,,,
OWID_CYN,Asia,Northern Cyprus,2022-08-01,,,,,,,,,,,,,,,,,,,,,,,,,,,,,,,,,,,,655.0,,,,,1711.0,46.0,0.01,,,,,,,,,,,,,,,,382836.0,,,,,
OWID_CYN,Asia,Northern Cyprus,2022-08-02,,,,,,,,,,,,,,,,,,,,,,,,,,,,,,,,,,,,655.0,,,,,1711.0,46.0,0.01,,,,,,,,,,,,,,,,382836.0,,,,,
OWID_CYN,Asia,Northern Cyprus,2022-08-03,,,,,,,,,,,,,,,,,,,,,,,,,,,,,,,,,,,,655.0,,,,,1711.0,46.0,0.01,,,,,,,,,,,,,,,,382836.0,,,,,
OWID_CYN,Asia,Northern Cyprus,2022-08-04,,,,,,,,,,,,,,,,,,,,,,,,,,,,,,,,,,,,655.0,,,,,1711.0,46.0,0.01,,,,,,,,,,,,,,,,382836.0,,,,,
OWID_CYN,Asia,Northern Cyprus,2022-08-05,,,,,,,,,,,,,,,,,,,,,,,,,,,,,,,,,,,,655.0,,,,,1711.0,46.0,0.01,,,,,,,,,,,,,,,,382836.0,,,,,
OWID_CYN,Asia,Northern Cyprus,2022-08-06,,,,,,,,,,,,,,,,,,,,,,,,,,,,,,,,,,,,655.0,,,,,1711.0,46.0,0.01,,,,,,,,,,,,,,,,382836.0,,,,,
OWID_CYN,Asia,Northern Cyprus,2022-08-07,,,,,,,,,,,,,,,,,,,,,,,,,,,,,,,,,,,,655.0,,,,,1711.0,46.0,0.01,,,,,,,,,,,,,,,,382836.0,,,,,
OWID_CYN,Asia,Northern Cyprus,2022-08-08,,,,,,,,,,,,,,,,,,,,,,,,,,,,,,,,,,,,655.0,,,,,1711.0,46.0,0.01,,,,,,,,,,,,,,,,382836.0,,,,,
OWID_CYN,Asia,Northern Cyprus,2022-08-09,,,,,,,,,,,,,,,,,,,,,,,,,,,,,,,,,,,,655.0,,,,,1711.0,46.0,0.01,,,,,,,,,,,,,,,,382836.0,,,,,
OWID_CYN,Asia,Northern Cyprus,2022-08-10,,,,,,,,,,,,,,,,,,,,,,,,,,,,,,,,,,,,655.0,,,,,1711.0,46.0,0.01,,,,,,,,,,,,,,,,382836.0,,,,,
OWID_CYN,Asia,Northern Cyprus,2022-08-11,,,,,,,,,,,,,,,,,,,,,,,,,,,,,,,,,,,,655.0,,,,,1711.0,46.0,0.01,,,,,,,,,,,,,,,,382836.0,,,,,
OWID_CYN,Asia,Northern Cyprus,2022-08-12,,,,,,,,,,,,,,,,,,,,,,,,,,,,,,,,,,,,655.0,,,,,1711.0,46.0,0.01,,,,,,,,,,,,,,,,382836.0,,,,,
OWID_CYN,Asia,Northern Cyprus,2022-08-13,,,,,,,,,,,,,,,,,,,,,,,,,,,,,,,,,,,,655.0,,,,,1711.0,46.0,0.01,,,,,,,,,,,,,,,,382836.0,,,,,
OWID_CYN,Asia,Northern Cyprus,2022-08-14,,,,,,,,,,,,,,,,,,,,,,,,,,,,,,,,,,,,655.0,,,,,1711.0,46.0,0.01,,,,,,,,,,,,,,,,382836.0,,,,,
OWID_CYN,Asia,Northern Cyprus,2022-08-15,,,,,,,,,,,,,,,,,,,,,,,,,,,,,,,,,,,,655.0,,,,,1711.0,46.0,0.01,,,,,,,,,,,,,,,,382836.0,,,,,
OWID_CYN,Asia,Northern Cyprus,2022-08-16,,,,,,,,,,,,,,,,,,,,,,,,,,,,,,,,,,,,655.0,,,,,1711.0,46.0,0.01,,,,,,,,,,,,,,,,382836.0,,,,,
OWID_CYN,Asia,Northern Cyprus,2022-08-17,,,,,,,,,,,,,,,,,,,,,,,,,,,,,,,,,,,,655.0,,,,,1711.0,46.0,0.01,,,,,,,,,,,,,,,,382836.0,,,,,
OWID_CYN,Asia,Northern Cyprus,2022-08-18,,,,,,,,,,,,,,,,,,,,,,,,,,,,,,,,,,,,655.0,,,,,1711.0,46.0,0.01,,,,,,,,,,,,,,,,382836.0,,,,,
OWID_CYN,Asia,Northern Cyprus,2022-08-19,,,,,,,,,,,,,,,,,,,,,,,,,,,,,,,,,,,,655.0,,,,,1711.0,46.0,0.01,,,,,,,,,,,,,,,,382836.0,,,,,
OWID_CYN,Asia,Northern Cyprus,2022-08-20,,,,,,,,,,,,,,,,,,,,,,,,,,,,,,,,,,,,655.0,,,,,1711.0,46.0,0.01,,,,,,,,,,,,,,,,382836.0,,,,,
OWID_CYN,Asia,Northern Cyprus,2022-08-21,,,,,,,,,,,,,,,,,,,,,,,,,,,,,,,,,,,,655.0,,,,,1711.0,46.0,0.01,,,,,,,,,,,,,,,,382836.0,,,,,
OWID_CYN,Asia,Northern Cyprus,2022-08-22,,,,,,,,,,,,,,,,,,,,,,,,,,,,,,,,,,,,655.0,,,,,1711.0,46.0,0.01,,,,,,,,,,,,,,,,382836.0,,,,,
OWID_CYN,Asia,Northern Cyprus,2022-08-23,,,,,,,,,,,,,,,,,,,,,,,,,,,,,,,,,,,,655.0,,,,,1711.0,46.0,0.01,,,,,,,,,,,,,,,,382836.0,,,,,
OWID_CYN,Asia,Northern Cyprus,2022-08-24,,,,,,,,,,,,,,,,,,,,,,,,,,,,,,,,,,,,655.0,,,,,1711.0,46.0,0.01,,,,,,,,,,,,,,,,382836.0,,,,,
OWID_CYN,Asia,Northern Cyprus,2022-08-25,,,,,,,,,,,,,,,,,,,,,,,,,,,,,,,,,,,,655.0,,,,,1711.0,46.0,0.01,,,,,,,,,,,,,,,,382836.0,,,,,
OWID_CYN,Asia,Northern Cyprus,2022-08-26,,,,,,,,,,,,,,,,,,,,,,,,,,,,,,,,,,,,655.0,,,,,1711.0,46.0,0.01,,,,,,,,,,,,,,,,382836.0,,,,,
OWID_CYN,Asia,Northern Cyprus,2022-08-27,,,,,,,,,,,,,,,,,,,,,,,,,,,,,,,,,,,,655.0,,,,,1711.0,46.0,0.01,,,,,,,,,,,,,,,,382836.0,,,,,
OWID_CYN,Asia,Northern Cyprus,2022-08-28,,,,,,,,,,,,,,,,,,,,,,,,,,,,,,,,,,,,655.0,,,,,1711.0,46.0,0.01,,,,,,,,,,,,,,,,382836.0,,,,,
OWID_CYN,Asia,Northern Cyprus,2022-08-29,,,,,,,,,,,,,,,,,,,,,,,,,,,,,,,,,,,,655.0,,,,,1711.0,46.0,0.01,,,,,,,,,,,,,,,,382836.0,,,,,
OWID_CYN,Asia,Northern Cyprus,2022-08-30,,,,,,,,,,,,,,,,,,,,,,,,,,,,,,,,,,,,655.0,,,,,1711.0,46.0,0.01,,,,,,,,,,,,,,,,382836.0,,,,,
OWID_CYN,Asia,Northern Cyprus,2022-08-31,,,,,,,,,,,,,,,,,,,,,,,,,,,,,,,,,,,,655.0,,,,,1711.0,46.0,0.01,,,,,,,,,,,,,,,,382836.0,,,,,
OWID_CYN,Asia,Northern Cyprus,2022-09-01,,,,,,,,,,,,,,,,,,,,,,,,,,,,,,,,,,,,655.0,,,,,1711.0,46.0,0.01,,,,,,,,,,,,,,,,382836.0,,,,,
OWID_CYN,Asia,Northern Cyprus,2022-09-02,,,,,,,,,,,,,,,,,,,,,,,,,,,,,,,,,,,,655.0,,,,,1711.0,46.0,0.01,,,,,,,,,,,,,,,,382836.0,,,,,
OWID_CYN,Asia,Northern Cyprus,2022-09-03,,,,,,,,,,,,,,,,,,,,,,,,,,,,,,,,,,,,655.0,,,,,1711.0,46.0,0.01,,,,,,,,,,,,,,,,382836.0,,,,,
OWID_CYN,Asia,Northern Cyprus,2022-09-04,,,,,,,,,,,,,,,,,,,,,,,,,,,,,,,,,,,,655.0,,,,,1711.0,46.0,0.01,,,,,,,,,,,,,,,,382836.0,,,,,
OWID_CYN,Asia,Northern Cyprus,2022-09-05,,,,,,,,,,,,,,,,,,,,,,,,,,,,,,,,,,,,655.0,,,,,1711.0,46.0,0.01,,,,,,,,,,,,,,,,382836.0,,,,,
OWID_CYN,Asia,Northern Cyprus,2022-09-06,,,,,,,,,,,,,,,,,,,,,,,,,,,,,,,,,,,,655.0,,,,,1711.0,46.0,0.01,,,,,,,,,,,,,,,,382836.0,,,,,
OWID_CYN,Asia,Northern Cyprus,2022-09-07,,,,,,,,,,,,,,,,,,,,,,,,,,,,,,,,,,,,655.0,,,,,1711.0,46.0,0.01,,,,,,,,,,,,,,,,382836.0,,,,,
OWID_CYN,Asia,Northern Cyprus,2022-09-08,,,,,,,,,,,,,,,,,,,,,,,,,,,,,,,,,,,,655.0,,,,,1711.0,46.0,0.01,,,,,,,,,,,,,,,,382836.0,,,,,
OWID_CYN,Asia,Northern Cyprus,2022-09-09,,,,,,,,,,,,,,,,,,,,,,,,,,,,,,,,,,,,655.0,,,,,1711.0,46.0,0.01,,,,,,,,,,,,,,,,382836.0,,,,,
OWID_CYN,Asia,Northern Cyprus,2022-09-10,,,,,,,,,,,,,,,,,,,,,,,,,,,,,,,,,,,,655.0,,,,,1711.0,46.0,0.01,,,,,,,,,,,,,,,,382836.0,,,,,
OWID_CYN,Asia,Northern Cyprus,2022-09-11,,,,,,,,,,,,,,,,,,,,,,,,,,,,,,,,,,,,655.0,,,,,1711.0,46.0,0.01,,,,,,,,,,,,,,,,382836.0,,,,,
OWID_CYN,Asia,Northern Cyprus,2022-09-12,,,,,,,,,,,,,,,,,,,,,,,,,,,,,,,,,,,,655.0,,,,,1711.0,46.0,0.01,,,,,,,,,,,,,,,,382836.0,,,,,
OWID_CYN,Asia,Northern Cyprus,2022-09-13,,,,,,,,,,,,,,,,,,,,,,,,,,,,,,,,,,,,655.0,,,,,1711.0,46.0,0.01,,,,,,,,,,,,,,,,382836.0,,,,,
OWID_CYN,Asia,Northern Cyprus,2022-09-14,,,,,,,,,,,,,,,,,,,,,,,,,,,,,,,,,,,,655.0,,,,,1711.0,46.0,0.01,,,,,,,,,,,,,,,,382836.0,,,,,
OWID_CYN,Asia,Northern Cyprus,2022-09-15,,,,,,,,,,,,,,,,,,,,,,,,,,,,,,,,,,,,655.0,,,,,1711.0,46.0,0.01,,,,,,,,,,,,,,,,382836.0,,,,,
OWID_CYN,Asia,Northern Cyprus,2022-09-16,,,,,,,,,,,,,,,,,,,,,,,,,,,,,,,,,,,,655.0,,,,,1711.0,46.0,0.01,,,,,,,,,,,,,,,,382836.0,,,,,
OWID_CYN,Asia,Northern Cyprus,2022-09-17,,,,,,,,,,,,,,,,,,,,,,,,,,,,,,,,,,,,655.0,,,,,1711.0,46.0,0.01,,,,,,,,,,,,,,,,382836.0,,,,,
OWID_CYN,Asia,Northern Cyprus,2022-09-18,,,,,,,,,,,,,,,,,,,,,,,,,,,,,,,,,,,,655.0,,,,,1711.0,46.0,0.01,,,,,,,,,,,,,,,,382836.0,,,,,
OWID_CYN,Asia,Northern Cyprus,2022-09-19,,,,,,,,,,,,,,,,,,,,,,,,,,,,,,,,,,,,655.0,,,,,1711.0,46.0,0.01,,,,,,,,,,,,,,,,382836.0,,,,,
OWID_CYN,Asia,Northern Cyprus,2022-09-20,,,,,,,,,,,,,,,,,,,,,,,,,,,,,,,,,,,,655.0,,,,,1711.0,46.0,0.01,,,,,,,,,,,,,,,,382836.0,,,,,
OWID_CYN,Asia,Northern Cyprus,2022-09-21,,,,,,,,,,,,,,,,,,,,,,,,,,,,,,,,,,,,655.0,,,,,1711.0,46.0,0.01,,,,,,,,,,,,,,,,382836.0,,,,,
OWID_CYN,Asia,Northern Cyprus,2022-09-22,,,,,,,,,,,,,,,,,,,,,,,,,,,,,,,,,,,,655.0,,,,,1711.0,46.0,0.01,,,,,,,,,,,,,,,,382836.0,,,,,
OWID_CYN,Asia,Northern Cyprus,2022-09-23,,,,,,,,,,,,,,,,,,,,,,,,,,,,,,,,,,,,655.0,,,,,1711.0,46.0,0.01,,,,,,,,,,,,,,,,382836.0,,,,,
OWID_CYN,Asia,Northern Cyprus,2022-09-24,,,,,,,,,,,,,,,,,,,,,,,,,,,,,,,,,,,,655.0,,,,,1711.0,46.0,0.01,,,,,,,,,,,,,,,,382836.0,,,,,
OWID_CYN,Asia,Northern Cyprus,2022-09-25,,,,,,,,,,,,,,,,,,,,,,,,,,,,,,,,,,,,655.0,,,,,1711.0,46.0,0.01,,,,,,,,,,,,,,,,382836.0,,,,,
OWID_CYN,Asia,Northern Cyprus,2022-09-26,,,,,,,,,,,,,,,,,,,,,,,,,,,,,,,,,,,,655.0,,,,,1711.0,46.0,0.01,,,,,,,,,,,,,,,,382836.0,,,,,
OWID_CYN,Asia,Northern Cyprus,2022-09-27,,,,,,,,,,,,,,,,,,,,,,,,,,,,,,,,,,,,655.0,,,,,1711.0,46.0,0.01,,,,,,,,,,,,,,,,382836.0,,,,,
OWID_CYN,Asia,Northern Cyprus,2022-09-28,,,,,,,,,,,,,,,,,,,,,,,,,,,,,,,,,,,,655.0,,,,,1711.0,46.0,0.01,,,,,,,,,,,,,,,,382836.0,,,,,
OWID_CYN,Asia,Northern Cyprus,2022-09-29,,,,,,,,,,,,,,,,,,,,,,,,,,,,,,,,,,,,655.0,,,,,1711.0,46.0,0.01,,,,,,,,,,,,,,,,382836.0,,,,,
OWID_CYN,Asia,Northern Cyprus,2022-09-30,,,,,,,,,,,,,,,,,,,,,,,,,,,,,,,,,,,,655.0,,,,,1711.0,46.0,0.01,,,,,,,,,,,,,,,,382836.0,,,,,
OWID_CYN,Asia,Northern Cyprus,2022-10-01,,,,,,,,,,,,,,,,,,,,,,,,,,,,,,,,,,,,655.0,,,,,1711.0,46.0,0.01,,,,,,,,,,,,,,,,382836.0,,,,,
OWID_CYN,Asia,Northern Cyprus,2022-10-02,,,,,,,,,,,,,,,,,,,,,,,,,,,,,,,,,,,,655.0,,,,,1711.0,46.0,0.01,,,,,,,,,,,,,,,,382836.0,,,,,
OWID_CYN,Asia,Northern Cyprus,2022-10-03,,,,,,,,,,,,,,,,,,,,,,,,,,,,,,,,,,,,655.0,,,,,1711.0,46.0,0.01,,,,,,,,,,,,,,,,382836.0,,,,,
OWID_CYN,Asia,Northern Cyprus,2022-10-04,,,,,,,,,,,,,,,,,,,,,,,,,,,,,,,,,,,,655.0,,,,,1711.0,46.0,0.01,,,,,,,,,,,,,,,,382836.0,,,,,
OWID_CYN,Asia,Northern Cyprus,2022-10-05,,,,,,,,,,,,,,,,,,,,,,,,,,,,,,,,,,,,655.0,,,,,1711.0,46.0,0.01,,,,,,,,,,,,,,,,382836.0,,,,,
OWID_CYN,Asia,Northern Cyprus,2022-10-06,,,,,,,,,,,,,,,,,,,,,,,,,,,,,,,,,,,,655.0,,,,,1711.0,46.0,0.01,,,,,,,,,,,,,,,,382836.0,,,,,
OWID_CYN,Asia,Northern Cyprus,2022-10-07,,,,,,,,,,,,,,,,,,,,,,,,,,,,,,,,,,,,655.0,,,,,1711.0,46.0,0.01,,,,,,,,,,,,,,,,382836.0,,,,,
OWID_CYN,Asia,Northern Cyprus,2022-10-08,,,,,,,,,,,,,,,,,,,,,,,,,,,,,,,,,,,,655.0,,,,,1711.0,46.0,0.01,,,,,,,,,,,,,,,,382836.0,,,,,
OWID_CYN,Asia,Northern Cyprus,2022-10-09,,,,,,,,,,,,,,,,,,,,,,,,,,,,,,,,,,,,655.0,,,,,1711.0,46.0,0.01,,,,,,,,,,,,,,,,382836.0,,,,,
OWID_CYN,Asia,Northern Cyprus,2022-10-10,,,,,,,,,,,,,,,,,,,,,,,,,,,,,,,,,,,,655.0,,,,,1711.0,46.0,0.01,,,,,,,,,,,,,,,,382836.0,,,,,
OWID_CYN,Asia,Northern Cyprus,2022-10-11,,,,,,,,,,,,,,,,,,,,,,,,,,,,,,,,,,,,655.0,,,,,1711.0,46.0,0.01,,,,,,,,,,,,,,,,382836.0,,,,,
OWID_CYN,Asia,Northern Cyprus,2022-10-12,,,,,,,,,,,,,,,,,,,,,,,,,,,,,,,,,,,,655.0,,,,,1711.0,46.0,0.01,,,,,,,,,,,,,,,,382836.0,,,,,
OWID_CYN,Asia,Northern Cyprus,2022-10-13,,,,,,,,,,,,,,,,,,,,,,,,,,,,,,,,,,,,655.0,,,,,1711.0,46.0,0.01,,,,,,,,,,,,,,,,382836.0,,,,,
OWID_CYN,Asia,Northern Cyprus,2022-10-14,,,,,,,,,,,,,,,,,,,,,,,,,,,,,,,,,,,,655.0,,,,,1711.0,46.0,0.01,,,,,,,,,,,,,,,,382836.0,,,,,
OWID_CYN,Asia,Northern Cyprus,2022-10-15,,,,,,,,,,,,,,,,,,,,,,,,,,,,,,,,,,,,655.0,,,,,1711.0,46.0,0.01,,,,,,,,,,,,,,,,382836.0,,,,,
OWID_CYN,Asia,Northern Cyprus,2022-10-16,,,,,,,,,,,,,,,,,,,,,,,,,,,,,,,,,,,,655.0,,,,,1711.0,46.0,0.01,,,,,,,,,,,,,,,,382836.0,,,,,
OWID_CYN,Asia,Northern Cyprus,2022-10-17,,,,,,,,,,,,,,,,,,,,,,,,,,,,,,,,,,,,655.0,,,,,1711.0,46.0,0.01,,,,,,,,,,,,,,,,382836.0,,,,,
OWID_CYN,Asia,Northern Cyprus,2022-10-18,,,,,,,,,,,,,,,,,,,,,,,,,,,,,,,,,,,,655.0,,,,,1711.0,46.0,0.01,,,,,,,,,,,,,,,,382836.0,,,,,
OWID_CYN,Asia,Northern Cyprus,2022-10-19,,,,,,,,,,,,,,,,,,,,,,,,,,,,,,,,,,,,655.0,,,,,1711.0,46.0,0.01,,,,,,,,,,,,,,,,382836.0,,,,,
OWID_CYN,Asia,Northern Cyprus,2022-10-20,,,,,,,,,,,,,,,,,,,,,,,,,,,,,,,,,,,,655.0,,,,,1711.0,46.0,0.01,,,,,,,,,,,,,,,,382836.0,,,,,
OWID_CYN,Asia,Northern Cyprus,2022-10-21,,,,,,,,,,,,,,,,,,,,,,,,,,,,,,,,,,,,655.0,,,,,1711.0,46.0,0.01,,,,,,,,,,,,,,,,382836.0,,,,,
OWID_CYN,Asia,Northern Cyprus,2022-10-22,,,,,,,,,,,,,,,,,,,,,,,,,,,,,,,,,,,,655.0,,,,,1711.0,46.0,0.01,,,,,,,,,,,,,,,,382836.0,,,,,
OWID_CYN,Asia,Northern Cyprus,2022-10-23,,,,,,,,,,,,,,,,,,,,,,,,,,,,,,,,,,,,655.0,,,,,1711.0,46.0,0.01,,,,,,,,,,,,,,,,382836.0,,,,,
OWID_CYN,Asia,Northern Cyprus,2022-10-24,,,,,,,,,,,,,,,,,,,,,,,,,,,,,,,,,,,,655.0,,,,,1711.0,46.0,0.01,,,,,,,,,,,,,,,,382836.0,,,,,
OWID_CYN,Asia,Northern Cyprus,2022-10-25,,,,,,,,,,,,,,,,,,,,,,,,,,,,,,,,,,,,655.0,,,,,1711.0,46.0,0.01,,,,,,,,,,,,,,,,382836.0,,,,,
OWID_CYN,Asia,Northern Cyprus,2022-10-26,,,,,,,,,,,,,,,,,,,,,,,,,,,,,,,,,,,,655.0,,,,,1711.0,46.0,0.01,,,,,,,,,,,,,,,,382836.0,,,,,
OWID_CYN,Asia,Northern Cyprus,2022-10-27,,,,,,,,,,,,,,,,,,,,,,,,,,,,,,,,,,,,655.0,,,,,1711.0,46.0,0.01,,,,,,,,,,,,,,,,382836.0,,,,,
OWID_CYN,Asia,Northern Cyprus,2022-10-28,,,,,,,,,,,,,,,,,,,,,,,,,,,,,,,,,,,,655.0,,,,,1711.0,46.0,0.01,,,,,,,,,,,,,,,,382836.0,,,,,
OWID_CYN,Asia,Northern Cyprus,2022-10-29,,,,,,,,,,,,,,,,,,,,,,,,,,,,,,,,,,,,655.0,,,,,1711.0,46.0,0.01,,,,,,,,,,,,,,,,382836.0,,,,,
OWID_CYN,Asia,Northern Cyprus,2022-10-30,,,,,,,,,,,,,,,,,,,,,,,,,,,,,,,,,,,,655.0,,,,,1711.0,46.0,0.01,,,,,,,,,,,,,,,,382836.0,,,,,
OWID_CYN,Asia,Northern Cyprus,2022-10-31,,,,,,,,,,,,,,,,,,,,,,,,,,,,,,,,,,,,655.0,,,,,1711.0,46.0,0.01,,,,,,,,,,,,,,,,382836.0,,,,,
OWID_CYN,Asia,Northern Cyprus,2022-11-01,,,,,,,,,,,,,,,,,,,,,,,,,,,,,,,,,,,,655.0,,,,,1711.0,46.0,0.01,,,,,,,,,,,,,,,,382836.0,,,,,
OWID_CYN,Asia,Northern Cyprus,2022-11-02,,,,,,,,,,,,,,,,,,,,,,,,,,,,,,,,,,,,655.0,,,,,1711.0,46.0,0.01,,,,,,,,,,,,,,,,382836.0,,,,,
OWID_CYN,Asia,Northern Cyprus,2022-11-03,,,,,,,,,,,,,,,,,,,,,,,,,,,,,,,,,,,,655.0,,,,,1711.0,46.0,0.01,,,,,,,,,,,,,,,,382836.0,,,,,
OWID_CYN,Asia,Northern Cyprus,2022-11-04,,,,,,,,,,,,,,,,,,,,,,,,,,,,,,,,,,,,655.0,,,,,1711.0,46.0,0.01,,,,,,,,,,,,,,,,382836.0,,,,,
OWID_CYN,Asia,Northern Cyprus,2022-11-05,,,,,,,,,,,,,,,,,,,,,,,,,,,,,,,,,,,,655.0,,,,,1711.0,46.0,0.01,,,,,,,,,,,,,,,,382836.0,,,,,
OWID_CYN,Asia,Northern Cyprus,2022-11-06,,,,,,,,,,,,,,,,,,,,,,,,,,,,,,,,,,,,655.0,,,,,1711.0,46.0,0.01,,,,,,,,,,,,,,,,382836.0,,,,,
OWID_CYN,Asia,Northern Cyprus,2022-11-07,,,,,,,,,,,,,,,,,,,,,,,,,,,,,,,,,,,,655.0,,,,,1711.0,46.0,0.01,,,,,,,,,,,,,,,,382836.0,,,,,
OWID_CYN,Asia,Northern Cyprus,2022-11-08,,,,,,,,,,,,,,,,,,,,,,,,,,,,,,,,,,,,655.0,,,,,1711.0,46.0,0.01,,,,,,,,,,,,,,,,382836.0,,,,,
OWID_CYN,Asia,Northern Cyprus,2022-11-09,,,,,,,,,,,,,,,,,,,,,,,,,,,,,,,,,,,,655.0,,,,,1711.0,46.0,0.01,,,,,,,,,,,,,,,,382836.0,,,,,
OWID_CYN,Asia,Northern Cyprus,2022-11-10,,,,,,,,,,,,,,,,,,,,,,,,,,,,,,,,,,,,655.0,,,,,1711.0,46.0,0.01,,,,,,,,,,,,,,,,382836.0,,,,,
OWID_CYN,Asia,Northern Cyprus,2022-11-11,,,,,,,,,,,,,,,,,,,,,,,,,,,,,,,,,,,,655.0,,,,,1711.0,46.0,0.01,,,,,,,,,,,,,,,,382836.0,,,,,
OWID_CYN,Asia,Northern Cyprus,2022-11-12,,,,,,,,,,,,,,,,,,,,,,,,,,,,,,,,,,,,655.0,,,,,1711.0,46.0,0.01,,,,,,,,,,,,,,,,382836.0,,,,,
OWID_CYN,Asia,Northern Cyprus,2022-11-13,,,,,,,,,,,,,,,,,,,,,,,,,,,,,,,,,,,,655.0,,,,,1711.0,46.0,0.01,,,,,,,,,,,,,,,,382836.0,,,,,
OWID_CYN,Asia,Northern Cyprus,2022-11-14,,,,,,,,,,,,,,,,,,,,,,,,,,,,,,,,,,,,655.0,,,,,1711.0,46.0,0.01,,,,,,,,,,,,,,,,382836.0,,,,,
OWID_CYN,Asia,Northern Cyprus,2022-11-15,,,,,,,,,,,,,,,,,,,,,,,,,,,,,,,,,,,,655.0,,,,,1711.0,46.0,0.01,,,,,,,,,,,,,,,,382836.0,,,,,
OWID_CYN,Asia,Northern Cyprus,2022-11-16,,,,,,,,,,,,,,,,,,,,,,,,,,,,,,,,,,,,655.0,,,,,1711.0,46.0,0.01,,,,,,,,,,,,,,,,382836.0,,,,,
OWID_CYN,Asia,Northern Cyprus,2022-11-17,,,,,,,,,,,,,,,,,,,,,,,,,,,,,,,,,,,,655.0,,,,,1711.0,46.0,0.01,,,,,,,,,,,,,,,,382836.0,,,,,
OWID_CYN,Asia,Northern Cyprus,2022-11-18,,,,,,,,,,,,,,,,,,,,,,,,,,,,,,,,,,,,655.0,,,,,1711.0,46.0,0.01,,,,,,,,,,,,,,,,382836.0,,,,,
OWID_CYN,Asia,Northern Cyprus,2022-11-19,,,,,,,,,,,,,,,,,,,,,,,,,,,,,,,,,,,,655.0,,,,,1711.0,46.0,0.01,,,,,,,,,,,,,,,,382836.0,,,,,
OWID_CYN,Asia,Northern Cyprus,2022-11-20,,,,,,,,,,,,,,,,,,,,,,,,,,,,,,,,,,,,655.0,,,,,1711.0,46.0,0.01,,,,,,,,,,,,,,,,382836.0,,,,,
OWID_CYN,Asia,Northern Cyprus,2022-11-21,,,,,,,,,,,,,,,,,,,,,,,,,,,,,,,,,,,,655.0,,,,,1711.0,46.0,0.01,,,,,,,,,,,,,,,,382836.0,,,,,
OWID_CYN,Asia,Northern Cyprus,2022-11-22,,,,,,,,,,,,,,,,,,,,,,,,,,,,,,,,,,,,655.0,,,,,1711.0,46.0,0.01,,,,,,,,,,,,,,,,382836.0,,,,,
OWID_CYN,Asia,Northern Cyprus,2022-11-23,,,,,,,,,,,,,,,,,,,,,,,,,,,,,,,,,,,,655.0,,,,,1711.0,46.0,0.01,,,,,,,,,,,,,,,,382836.0,,,,,
OWID_CYN,Asia,Northern Cyprus,2022-11-24,,,,,,,,,,,,,,,,,,,,,,,,,,,,,,,,,,,,655.0,,,,,1711.0,46.0,0.01,,,,,,,,,,,,,,,,382836.0,,,,,
OWID_CYN,Asia,Northern Cyprus,2022-11-25,,,,,,,,,,,,,,,,,,,,,,,,,,,,,,,,,,,,655.0,,,,,1711.0,46.0,0.01,,,,,,,,,,,,,,,,382836.0,,,,,
OWID_CYN,Asia,Northern Cyprus,2022-11-26,,,,,,,,,,,,,,,,,,,,,,,,,,,,,,,,,,,,655.0,,,,,1711.0,46.0,0.01,,,,,,,,,,,,,,,,382836.0,,,,,
OWID_CYN,Asia,Northern Cyprus,2022-11-27,,,,,,,,,,,,,,,,,,,,,,,,,,,,,,,,,,,,655.0,,,,,1711.0,46.0,0.01,,,,,,,,,,,,,,,,382836.0,,,,,
OWID_CYN,Asia,Northern Cyprus,2022-11-28,,,,,,,,,,,,,,,,,,,,,,,,,,,,,,,,,,,,655.0,,,,,1711.0,46.0,0.01,,,,,,,,,,,,,,,,382836.0,,,,,
OWID_CYN,Asia,Northern Cyprus,2022-11-29,,,,,,,,,,,,,,,,,,,,,,,,,,,,,,,,,,,,655.0,,,,,1711.0,46.0,0.01,,,,,,,,,,,,,,,,382836.0,,,,,
OWID_CYN,Asia,Northern Cyprus,2022-11-30,,,,,,,,,,,,,,,,,,,,,,,,,,,,,,,,,,,,655.0,,,,,1711.0,46.0,0.01,,,,,,,,,,,,,,,,382836.0,,,,,
OWID_CYN,Asia,Northern Cyprus,2022-12-01,,,,,,,,,,,,,,,,,,,,,,,,,,,,,,,,,,,,655.0,,,,,1711.0,46.0,0.01,,,,,,,,,,,,,,,,382836.0,,,,,
OWID_CYN,Asia,Northern Cyprus,2022-12-02,,,,,,,,,,,,,,,,,,,,,,,,,,,,,,,,,,,,655.0,,,,,1711.0,46.0,0.01,,,,,,,,,,,,,,,,382836.0,,,,,
OWID_CYN,Asia,Northern Cyprus,2022-12-03,,,,,,,,,,,,,,,,,,,,,,,,,,,,,,,,,,,,655.0,,,,,1711.0,46.0,0.01,,,,,,,,,,,,,,,,382836.0,,,,,
OWID_CYN,Asia,Northern Cyprus,2022-12-04,,,,,,,,,,,,,,,,,,,,,,,,,,,,,,,861519.0,301673.0,,,,655.0,225.04,78.8,,,1711.0,46.0,0.01,,,,,,,,,,,,,,,,382836.0,,,,,
OWID_CYN,Asia,Northern Cyprus,2022-12-06,,,,,,,,,,,,,,,,,,,,,,,,,,,,,,,,,313067.0,,,,,,81.78,,,,,,,,,,,,,,,,,,,,382836.0,,,,,
